v -0.014563 -0.071812 0.051379
v 0.060085 -0.077574 0.04778
v -0.03537 -0.072807 0.050868
v -0.071625 -0.070176 0.052233
v -0.10719 -0.078129 0.04738
v 0.032637 -0.077755 0.047628
v -0.010421 -0.078668 0.046973
v -0.038997 -0.084589 0.041598
v -0.042582 -0.078374 0.047191
v 0.050893 -0.083299 0.042919
v 0.04508 -0.086974 0.038686
v -0.011711 -0.085885 0.040058
v -0.048222 -0.087617 0.037812
v -0.039933 -0.092567 0.029719
v -0.048807 -0.090862 0.03296
v 0.046391 -0.090769 0.033149
v 0.025604 -0.094829 0.02398
v 0.024034 -0.096963 0.01424
v -0.023898 -0.095996 0.019862
v -0.01217 -0.096988 0.013981
v 0.048937 -0.065706 0.054096
v 0.055336 -0.070966 0.051813
v 0.04966 -0.069695 0.052417
v 0.042648 -0.070381 0.052095
v -0.00069994 -0.066509 0.053779
v -0.019801 -0.069845 0.052344
v -0.028513 -0.070174 0.052189
v -0.087915 -0.073478 0.050449
v 0.052369 -0.07882 0.046799
v -0.034538 -0.079242 0.046481
v -0.02078 -0.07632 0.048629
v -0.018325 -0.078485 0.047055
v 0.013051 -0.080107 0.045713
v -0.017641 -0.080997 0.045019
v -0.003707 -0.084776 0.041248
v -0.027013 -0.08588 0.040066
v 0.034377 -0.091878 0.03122
v 0.019949 -0.093218 0.028157
v -0.0079515 -0.090703 0.033103
v -0.014322 -0.09191 0.031194
v -0.028565 -0.089858 0.03455
v -0.020479 -0.089874 0.034548
v 0.036439 -0.094452 0.025231
v -0.0078862 -0.093887 0.026555
v 0.024449 -0.096331 0.018324
v -0.018337 -0.094544 0.02478
v 0.077211 -0.097253 0.007427
v -0.128 -0.09723 0.011254
v 0.078001 -0.066922 0.053689
v 0.037424 -0.072816 0.050884
v 0.059092 -0.074488 0.049879
v -0.011191 -0.075181 0.049431
v -0.044146 -0.075248 0.049375
v 0.037453 -0.080432 0.045527
v 0.054868 -0.086534 0.039259
v 0.1286 -0.086609 0.039186
v -0.128 -0.083434 0.04272
v -0.128 -0.089064 0.035834
v 0.1286 -0.092626 0.029575
v -0.040721 -0.089549 0.035088
v -0.128 -0.091895 0.030986
v -0.128 -0.09484 0.023945
v 0.1286 -0.096049 0.019858
v 0.053 -0.096343 0.018314
v 0.054418 -0.094485 0.025145
v -0.038186 -0.096401 0.01804
v -0.048899 -0.065458 0.054198
v -0.0444 -0.062066 0.055317
v 0.047483 -0.075273 0.049317
v 0.041202 -0.076603 0.048452
v -0.027836 -0.075633 0.049099
v 0.11417 -0.079546 0.046243
v 0.051008 -0.076453 0.048531
v 0.059277 -0.082108 0.043983
v 0.022838 -0.088594 0.036347
v -0.046737 -0.084132 0.041998
v 0.0037638 -0.09572 0.020876
v -0.026556 -0.094145 0.025953
v -0.031659 -0.094583 0.0247
v -0.0367 -0.094208 0.02576
v -0.047588 -0.093865 0.026683
v -0.031239 -0.09647 0.017472
v -0.043869 -0.095678 0.021232
v 0.1286 0.094658 0.023168
v -0.040942 0.065875 0.053856
v 0.0687 0.074097 0.049825
v 0.06126 0.07408 0.049836
v 0.019385 0.073217 0.050348
v -0.087876 0.072998 0.050455
v 0.1266 0.082203 0.043501
v 0.093064 0.081257 0.04438
v 0.048149 0.082134 0.043584
v 0.021686 0.077755 0.047368
v 0.016456 0.079994 0.045476
v 0.0087861 0.082203 0.043437
v -0.002058 0.082219 0.043458
v -0.025082 0.07932 0.04603
v -0.020093 0.082205 0.043441
v -0.11183 0.078261 0.046931
v 0.052424 0.08218 0.043471
v 0.061259 0.080618 0.044967
v 0.046448 0.087568 0.037287
v 0.014193 0.082256 0.043455
v 0.021065 0.082184 0.043441
v 0.02106 0.088486 0.036117
v -0.019744 0.08218 0.043471
v -0.015735 0.08218 0.043471
v -0.014071 0.08791 0.037017
v -0.011726 0.08218 0.043471
v -0.037214 0.085141 0.040354
v -0.090256 0.085982 0.039394
v 0.061602 0.093149 0.027561
v 0.034972 0.088507 0.035961
v 0.014191 0.090402 0.03325
v -0.060899 0.091913 0.030131
v 0.07069 0.093933 0.025361
v 0.02106 0.093432 0.026651
v -0.01407 0.092767 0.02825
v -0.020906 0.091911 0.030113
v -0.085953 0.093491 0.026476
v 0.047475 0.096097 0.017075
v 0.034953 0.096169 0.017141
v 0.02106 0.096151 0.017109
v 0.014191 0.096206 0.017233
v -0.014071 0.09614 0.017093
v -0.056629 0.095742 0.019115
v 0.052343 0.096527 0.014134
v 0.010942 0.096519 0.014232
v -0.021496 0.096683 0.012602
v -0.089457 0.096349 0.015542
v -0.128 0.096773 0.011857
v 0.1286 0.08271 0.042942
v 0.1286 0.085963 0.039419
v -0.023097 0.061612 0.055264
v -0.0481 0.061596 0.055313
v 0.093067 0.074046 0.049816
v 0.014949 0.073621 0.050078
v 0.03503 0.081943 0.043697
v 0.020686 0.079063 0.046246
v 0.004811 0.082225 0.043484
v 0.0048208 0.076846 0.047917
v -0.046153 0.081691 0.043942
v -0.053066 0.082412 0.04326
v -0.084951 0.082438 0.043227
v 0.093067 0.088246 0.036413
v 0.086103 0.080865 0.044808
v 0.028407 0.086311 0.038988
v 0.048415 0.082209 0.043444
v 0.054344 0.082209 0.043444
v 0.052424 0.082209 0.043444
v 0.054344 0.08557 0.039865
v 0.048132 0.085136 0.040353
v 0.008785 0.085901 0.039452
v 0.004811 0.085909 0.039449
v -0.015735 0.082209 0.043444
v -0.019744 0.082209 0.043444
v -0.008604 0.082209 0.043444
v -0.008604 0.085911 0.039435
v -0.002058 0.085903 0.039426
v -0.014071 0.082209 0.043444
v -0.020229 0.084958 0.040578
v -0.030118 0.086107 0.039205
v 0.086117 0.088453 0.036098
v 0.06865 0.091486 0.031065
v 0.054344 0.091889 0.030512
v 0.061253 0.087698 0.037266
v 0.034953 0.092694 0.028485
v 0.0048335 0.091837 0.030443
v 0.092957 0.092364 0.029198
v 0.047553 0.090331 0.033171
v 0.028084 0.091514 0.030933
v -0.0021726 0.094068 0.024921
v -0.040891 0.091897 0.030099
v -0.042195 0.093951 0.025315
v -0.054598 0.093526 0.026403
v -0.072326 0.091897 0.030099
v -0.092002 0.093729 0.025925
v 0.047475 0.094543 0.023507
v 0.054345 0.096133 0.017164
v 0.028084 0.096315 0.017389
v -0.0085999 0.096103 0.017093
v -0.07673 0.094806 0.022645
v -0.082258 0.096206 0.016405
v -0.088302 0.095647 0.019406
v 0.075838 0.096307 0.016285
v -0.059581 0.096738 0.011582
v 0.086695 0.069449 0.052336
v 0.086103 0.074044 0.049829
v -0.073998 0.070638 0.05177
v -0.0020554 0.076983 0.047909
v -0.051148 0.077858 0.047242
v 0.10656 0.076728 0.048094
v 0.068698 0.082776 0.043045
v 0.085893 0.092354 0.029233
v -0.002058 0.089936 0.033984
v -0.091943 0.088883 0.035391
v -0.128 0.089873 0.033966
v 0.1286 0.092123 0.0297
v -0.128 0.093864 0.025644
v -0.090132 0.095089 0.021691
v 0.094478 0.095237 0.021126
v 0.069545 0.095975 0.017851
v -0.039136 0.095648 0.019499
v -0.02094 0.094907 0.022397
v -0.02094 0.096106 0.017029
v 0.07311 0.065043 0.054176
v 0.02141 0.075095 0.049165
v 0.013431 0.077586 0.047424
v -0.029997 0.081849 0.043795
v -0.077216 0.081786 0.043909
v 0.045407 0.083186 0.042474
v 0.040676 0.081786 0.043849
v 0.043956 0.086115 0.039167
v 0.03138 0.083184 0.042482
v 0.040021 0.085652 0.039731
v 0.036445 0.086454 0.038766
v -0.025074 0.082058 0.043595
v -0.021705 0.08795 0.036822
v -0.025791 0.086096 0.039191
v -0.041341 0.082748 0.042927
v -0.057062 0.084452 0.041127
v -0.059931 0.087422 0.037515
v -0.072192 0.082931 0.042742
v -0.034467 0.088463 0.03606
v -0.066328 0.087418 0.037648
v -0.09232 0.091941 0.030125
v 0.083698 0.094059 0.02497
v -0.035929 0.094448 0.023758
v -0.034102 0.092455 0.028983
v -0.060584 0.093497 0.026466
v -0.073227 0.093561 0.026325
v -0.065534 0.092433 0.029013
v -0.0035373 0.094684 0.023031
v 0.064408 0.095042 0.021883
v 0.090619 0.094823 0.022764
v 0.079612 0.094672 0.023063
v 0.084611 0.09602 0.017599
v 0.074796 0.09466 0.023104
v 0.004258 0.094971 0.022159
v 0.0019414 0.095831 0.018519
v -0.067937 0.094837 0.022656
v -0.0082826 0.094781 0.022734
v -0.051371 0.09481 0.022649
v -0.045881 0.094819 0.02258
v -0.047822 0.096281 0.015892
v -0.083727 0.094671 0.023092
v -0.0024358 0.096226 0.016246
v -0.073934 0.096087 0.017206
v 0.084959 -0.05117 0.067231
v 0.11601 -0.060169 0.066293
v 0.1266 -0.067747 0.056875
v 0.1266 -0.061633 0.064855
v 0.089198 -0.04945 0.069084
v 0.12157 -0.049567 0.08025
v 0.1266 -0.055549 0.076109
v 0.1266 -0.082564 0.043576
v 0.1266 -0.051446 0.080523
v 0.10617 -0.053303 0.074256
v 0.078597 -0.058094 0.059152
v 0.091475 -0.054889 0.06649
v 0.10839 -0.062196 0.061947
v 0.10368 -0.06513 0.057876
v 0.1001 -0.07006 0.05344
v 0.11544 -0.069101 0.05534
v 0.099736 -0.074106 0.050108
v 0.11666 -0.054733 0.075845
v 0.11606 -0.051854 0.078467
v 0.10749 -0.050423 0.076202
v 0.07566 -0.097147 -0.027227
v 0.063005 -0.097197 -0.027669
v 0.059869 -0.097205 -0.027785
v 0.054533 -0.097205 -0.027786
v 0.032376 -0.097206 -0.027779
v 0.048194 -0.097032 -0.02695
v 0.039568 -0.097206 -0.02778
v 0.024821 -0.097205 -0.027712
v 0.000301 -0.097208 -0.027773
v -0.0063906 -0.097208 -0.027773
v 0.009465 -0.097208 -0.027774
v 0.004883 -0.097208 -0.027774
v 0.075443 -0.095354 -0.024549
v 0.023106 -0.096699 -0.03258
v 0.0031415 -0.09657 -0.02559
v -0.0095023 -0.097213 -0.027363
v -0.006714 -0.096699 -0.03258
v 0.013008 -0.097202 -0.027631
v 0.058021 -0.096932 -0.026838
v 0.060968 -0.097158 -0.027484
v 0.029388 -0.097041 -0.026884
v 0.00080257 -0.097057 -0.026853
v -0.028021 -0.097183 -0.02739
v -0.0018792 -0.097188 -0.02751
v 0.01426 -0.097098 -0.027023
v 0.10028 -0.096648 -0.025581
v -0.093623 -0.0972 -0.026529
v 0.1286 -0.097266 -0.026544
v 0.062006 -0.095532 -0.025046
v 0.090126 -0.097215 -0.027462
v 0.064683 -0.096928 -0.03145
v 0.052424 -0.097206 -0.028
v 0.044406 -0.097206 -0.028
v 0.048415 -0.097206 -0.028
v 0.052424 -0.096699 -0.03258
v 0.028366 -0.097206 -0.028
v 0.022755 -0.096995 -0.026783
v 0.018358 -0.097206 -0.028
v 0.006602 -0.097206 -0.028
v 0.012331 -0.097206 -0.028
v 0.004312 -0.097206 -0.028
v -0.019833 -0.097206 -0.028003
v -0.041813 -0.097206 -0.028
v -0.047224 -0.097207 -0.027166
v -0.07593 -0.097241 -0.027079
v 0.11483 -0.097096 0.00058678
v -0.041862 -0.097128 -0.00071175
v -0.083366 -0.097253 0.0076712
v 0.026717 -0.096208 -0.025322
v 0.1286 -0.097198 0.011293
v 0.12859 -0.097217 -0.010948
v -0.128 -0.097231 -0.027705
v 0.044808 -0.096988 -0.00031936
v 0.076972 -0.096859 -0.0015707
v 0.10753 -0.095892 -0.014719
v 0.075133 -0.094411 -0.018926
v 0.06168 -0.094388 -0.016869
v 0.12388 -0.097132 -0.025048
v 0.022925 -0.095408 -0.0174
v -0.033614 -0.096028 -0.01965
v 0.062799 -0.094538 -0.022671
v 0.0054682 -0.095666 -0.019071
v 0.013109 -0.095864 -0.02317
v 0.057675 -0.094322 -0.020724
v -0.089313 -0.096919 -0.014028
v 0.095608 -0.095781 -0.022502
v -0.032646 -0.096485 -0.024812
v -0.056831 -0.096699 -0.03258
v -0.128 -0.096699 -0.03258
v 0.10254 -0.071817 -0.056646
v 0.072972 -0.071817 -0.056646
v 0.024359 -0.071817 -0.056646
v 0.048415 -0.071817 -0.056646
v 0.0033094 -0.071817 -0.056646
v -0.043801 -0.071817 -0.056646
v -0.019745 -0.071817 -0.056646
v -0.075876 -0.071817 -0.056646
v -0.10043 -0.071817 -0.056646
v -0.128 -0.074873 -0.056075
v 0.1286 -0.096307 -0.034751
v 0.1286 -0.089573 -0.047143
v 0.1286 -0.074102 -0.056285
v 0.1286 -0.067223 -0.057
v 0.12459 -0.067223 -0.057
v -0.128 -0.087736 -0.048912
v 0.000302 -0.067223 -0.057
v -0.003707 -0.067223 -0.057
v 0.064452 -0.067223 -0.057
v 0.060443 -0.067223 -0.057
v 0.096527 -0.067223 -0.057
v 0.092518 -0.067223 -0.057
v 0.11257 -0.067223 -0.057
v 0.10856 -0.067223 -0.057
v 0.12058 -0.067223 -0.057
v 0.11657 -0.067223 -0.057
v 0.10455 -0.067223 -0.057
v 0.10054 -0.067223 -0.057
v 0.08049 -0.067223 -0.057
v 0.076481 -0.067223 -0.057
v 0.088509 -0.067223 -0.057
v 0.084499 -0.067223 -0.057
v 0.072471 -0.067223 -0.057
v 0.068462 -0.067223 -0.057
v 0.032377 -0.067223 -0.057
v 0.028368 -0.067223 -0.057
v 0.048415 -0.067223 -0.057
v 0.044406 -0.067223 -0.057
v 0.056434 -0.067223 -0.057
v 0.052424 -0.067223 -0.057
v 0.040396 -0.067223 -0.057
v 0.036387 -0.067223 -0.057
v 0.01634 -0.067223 -0.057
v 0.01233 -0.067223 -0.057
v 0.024359 -0.067223 -0.057
v 0.020349 -0.067223 -0.057
v 0.008321 -0.067223 -0.057
v 0.004312 -0.067223 -0.057
v -0.063848 -0.067223 -0.057
v -0.067857 -0.067223 -0.057
v -0.031773 -0.067223 -0.057
v -0.035782 -0.067223 -0.057
v -0.015735 -0.067223 -0.057
v -0.019744 -0.067223 -0.057
v -0.007716 -0.067223 -0.057
v -0.011726 -0.067223 -0.057
v -0.023754 -0.067223 -0.057
v -0.027763 -0.067223 -0.057
v -0.04781 -0.067223 -0.057
v -0.051819 -0.067223 -0.057
v -0.039791 -0.067223 -0.057
v -0.043801 -0.067223 -0.057
v -0.055829 -0.067223 -0.057
v -0.059838 -0.067223 -0.057
v -0.095923 -0.067223 -0.057
v -0.099932 -0.067223 -0.057
v -0.079885 -0.067223 -0.057
v -0.083895 -0.067223 -0.057
v -0.071866 -0.067223 -0.057
v -0.075876 -0.067223 -0.057
v -0.087904 -0.067223 -0.057
v -0.091913 -0.067223 -0.057
v -0.11196 -0.067223 -0.057
v -0.11597 -0.067223 -0.057
v -0.10394 -0.067223 -0.057
v -0.10795 -0.067223 -0.057
v -0.11998 -0.067223 -0.057
v -0.12399 -0.067223 -0.057
v -0.128 -0.067223 -0.057
v 0.050044 -0.095497 -0.037028
v -0.048812 -0.095497 -0.037028
v -0.128 -0.095497 -0.037028
v 0.1286 -0.093628 -0.04124
v -0.0003867 -0.093628 -0.04124
v -0.128 -0.093628 -0.04124
v 0.078485 -0.091136 -0.045115
v -0.028766 -0.091136 -0.045115
v -0.128 -0.091136 -0.045115
v 0.040396 -0.088079 -0.048564
v 0.1286 -0.084531 -0.051503
v -0.052133 -0.084531 -0.051503
v -0.031773 -0.080574 -0.053865
v 0.1286 -0.080574 -0.053865
v 0.044406 -0.080574 -0.053865
v -0.128 -0.080574 -0.053865
v 0.086504 -0.076303 -0.055593
v -0.009721 -0.076303 -0.055593
v -0.128 0.071104 -0.056697
v -0.128 -0.075237 0.049919
v -0.128 -0.063765 0.061392
v -0.128 -0.052069 0.05851
v -0.128 -0.046393 0.057121
v -0.128 0.083497 0.042188
v -0.128 0.083908 -0.051635
v -0.128 0.076931 -0.055275
v 0.12859 0.096779 -0.0097475
v 0.1286 -0.0015186 0.042941
v -0.12399 0.066777 -0.057
v -0.11998 0.066777 -0.057
v -0.11597 0.066777 -0.057
v -0.11196 0.066777 -0.057
v -0.10795 0.066777 -0.057
v -0.10394 0.066777 -0.057
v -0.099932 0.066777 -0.057
v -0.095923 0.066777 -0.057
v -0.091913 0.066777 -0.057
v -0.087904 0.066777 -0.057
v -0.083895 0.066777 -0.057
v -0.079885 0.066777 -0.057
v -0.075876 0.066777 -0.057
v -0.071866 0.066777 -0.057
v -0.067857 0.066777 -0.057
v -0.063848 0.066777 -0.057
v -0.059838 0.066777 -0.057
v -0.055829 0.066777 -0.057
v -0.05182 0.066777 -0.057
v -0.04781 0.066777 -0.057
v -0.043801 0.066777 -0.057
v -0.039791 0.066777 -0.057
v -0.035782 0.066777 -0.057
v -0.031773 0.066777 -0.057
v -0.027763 0.066777 -0.057
v -0.023754 0.066777 -0.057
v -0.019744 0.066777 -0.057
v -0.015735 0.066777 -0.057
v -0.011726 0.066777 -0.057
v -0.007716 0.066777 -0.057
v -0.003707 0.066777 -0.057
v 0.000302 0.066777 -0.057
v 0.004312 0.066777 -0.057
v 0.008321 0.066777 -0.057
v 0.01233 0.066777 -0.057
v 0.01634 0.066777 -0.057
v 0.020349 0.066777 -0.057
v 0.024359 0.066777 -0.057
v 0.028368 0.066777 -0.057
v 0.032377 0.066777 -0.057
v 0.036387 0.066777 -0.057
v 0.040396 0.066777 -0.057
v 0.044406 0.066777 -0.057
v 0.048415 0.066777 -0.057
v 0.052424 0.066777 -0.057
v 0.056434 0.066777 -0.057
v 0.060443 0.066777 -0.057
v 0.064452 0.066777 -0.057
v 0.068462 0.066777 -0.057
v 0.072471 0.066777 -0.057
v 0.076481 0.066777 -0.057
v 0.08049 0.066777 -0.057
v 0.084499 0.066777 -0.057
v 0.088509 0.066777 -0.057
v 0.092518 0.066777 -0.057
v 0.096527 0.066777 -0.057
v 0.10054 0.066777 -0.057
v 0.10455 0.066777 -0.057
v 0.10856 0.066777 -0.057
v 0.11257 0.066777 -0.057
v 0.11657 0.066777 -0.057
v 0.12058 0.066777 -0.057
v 0.12459 0.066777 -0.057
v 0.1266 -0.039522 0.043479
v 0.1266 0.039093 0.043479
v 0.12659 -0.040848 0.077531
v 0.12661 0.029913 0.072978
v 0.12661 -0.031388 0.073277
v 0.1266 -0.046833 0.081041
v 0.1266 0.068875 0.055314
v 0.12659 0.062168 0.063579
v 0.1266 0.05445 0.077196
v 0.1266 0.05088 0.080424
v 0.1266 0.04627 0.081148
v 0.078588 0.03931 0.058241
v 0.076083 0.043949 0.063001
v 0.068914 0.044856 0.061848
v 0.073524 0.048205 0.064086
v -0.0068837 0.035684 0.057037
v 0.073386 0.05089 0.063526
v 0.029634 0.041323 0.057236
v 0.04077 0.047353 0.059312
v 0.031323 0.055173 0.057024
v 0.054738 0.040853 0.057678
v 0.057168 0.037575 0.056918
v 0.060174 0.045857 0.060871
v 0.062285 0.049222 0.061681
v 0.01776 0.048842 0.058415
v 0.078572 0.059064 0.058126
v 0.049274 0.049563 0.060046
v 0.061177 0.051081 0.060978
v 0.034615 0.050373 0.058806
v 0.049052 0.054052 0.05805
v 0.062829 0.060956 0.055586
v -0.020271 0.050656 0.057752
v 0.079562 0.036487 0.057012
v 0.081398 0.037965 0.057577
v 0.085579 0.044612 0.066125
v 0.078596 -0.049686 0.065504
v 0.073193 -0.05275 0.062592
v 0.068433 -0.05027 0.062691
v 0.072589 -0.046425 0.063347
v 0.053335 -0.041317 0.057575
v 0.061306 -0.044947 0.060286
v 0.061682 -0.057772 0.057075
v 0.050854 -0.047618 0.060046
v 0.019914 -0.042217 0.057201
v 0.018538 -0.055769 0.056896
v -0.023754 -0.062058 0.055276
v 0.081868 -0.039896 0.058648
v 0.074037 -0.043612 0.061668
v 0.020229 -0.036152 0.057041
v 0.029072 -0.047562 0.058594
v -0.002275 -0.048712 0.057958
v 0.053805 -0.051037 0.060248
v 0.062022 -0.047942 0.06164
v 0.036336 -0.051637 0.058664
v 0.050107 -0.059022 0.056224
v 0.024607 -0.049964 0.05849
v -0.02499 -0.050943 0.057804
v 0.07 -0.037901 0.056957
v 0.08579 -0.047558 0.067551
v -0.019281 -0.041206 0.057002
v -0.128 -0.0593 0.062792
v -0.083575 -0.043526 0.056917
v -0.098113 -0.045786 0.057004
v -0.066752 -0.052964 0.058761
v -0.063243 -0.054784 0.058256
v -0.10363 -0.066387 0.055493
v -0.092119 -0.048492 0.057444
v -0.11255 -0.055273 0.060851
v -0.10371 -0.055714 0.060745
v -0.092654 -0.056808 0.059852
v -0.087991 -0.052943 0.059651
v -0.047718 -0.044611 0.056983
v -0.062595 -0.050188 0.058595
v -0.030652 -0.048079 0.057858
v -0.11464 -0.060239 0.06116
v -0.098095 -0.060626 0.058891
v -0.11964 -0.073026 0.051406
v -0.076188 -0.063046 0.055493
v -0.09217 -0.06804 0.053512
v -0.059753 -0.059852 0.056236
v -0.12799 0.042708 0.056997
v -0.128 0.065625 0.059441
v -0.128 0.048617 0.057544
v -0.066221 0.044739 0.05692
v -0.087338 0.047737 0.057413
v -0.085602 0.051605 0.05929
v -0.10076 0.057095 0.060468
v -0.046314 0.048466 0.058153
v -0.043216 0.05251 0.057847
v -0.10111 0.068941 0.053015
v -0.128 0.05142 0.058383
v -0.096822 0.053454 0.06009
v -0.12799 0.056833 0.062096
v -0.128 0.061217 0.062421
v -0.128 0.05862 0.062673
v -0.016096 0.042017 0.057094
v -0.013242 0.047099 0.057819
v -0.033852 0.046297 0.057655
v -0.11532 0.063948 0.058717
v -0.10693 0.060365 0.05991
v -0.078563 0.055994 0.058814
v -0.094442 0.054617 0.060147
v -0.08668 0.059015 0.058252
v -0.11867 0.071732 0.052118
v -0.064699 0.054059 0.05846
v -0.061704 0.050694 0.058662
v -0.088901 0.06599 0.054269
v -0.068528 0.064356 0.054503
v 0.11837 -0.04061 0.074551
v 0.12106 -0.046577 0.079934
v 0.099607 -0.039017 0.064686
v 0.092507 -0.037239 0.060585
v 0.091071 -0.040074 0.061653
v 0.089501 -0.044778 0.066872
v 0.11022 -0.047983 0.07728
v 0.081608 -0.03759 0.057276
v 0.11495 -0.048476 0.078793
v 0.084041 0.034543 0.057406
v 0.12082 0.047227 0.080245
v 0.083701 0.047358 0.066956
v 0.097075 0.039945 0.064477
v 0.083467 0.039844 0.059382
v 0.11843 0.041061 0.075226
v 0.088981 0.046167 0.068289
v 0.11414 0.045259 0.077373
v 0.11027 0.047891 0.077385
v 0.11952 0.035942 0.07303
v 0.092657 0.037101 0.060734
v 0.089145 0.049019 0.069052
v 0.11833 0.054389 0.076032
v 0.081171 0.053621 0.063754
v 0.10654 0.069381 0.054148
v 0.11856 0.05179 0.078732
v 0.095054 0.056179 0.065474
v 0.10796 0.053534 0.074181
v 0.11015 0.061099 0.063044
v 0.11085 0.065845 0.057868
v 0.085172 0.050569 0.067347
v 0.11174 0.050936 0.077444
v 0.061111 0.096579 -0.027001
v 0.05513 0.09676 -0.027785
v 0.032376 0.096761 -0.027779
v 0.047814 0.09676 -0.027783
v 0.04103 0.096761 -0.027782
v 0.024783 0.09676 -0.027712
v 0.013011 0.096757 -0.027631
v 0.0076698 0.096504 -0.02657
v -0.0092346 0.096602 -0.026775
v -0.10065 0.096739 -0.026005
v 0.000301 0.096763 -0.027773
v -0.004281 0.096763 -0.027773
v 0.009465 0.096763 -0.027774
v 0.004883 0.096763 -0.027774
v -0.008863 0.096763 -0.027773
v -0.013445 0.096763 -0.027773
v 0.12185 0.096721 -0.026529
v 0.064452 0.096761 -0.028
v 0.069126 0.096714 -0.027258
v 0.052424 0.096761 -0.028
v 0.044405 0.096761 -0.028
v 0.05042 0.096254 -0.03258
v 0.018358 0.096761 -0.028
v -0.0042462 0.095877 -0.024723
v 0.01233 0.096761 -0.028
v -0.0038507 0.096761 -0.028
v 0.004312 0.096761 -0.028
v -0.015735 0.096761 -0.028
v -0.010295 0.096761 -0.028
v -0.016132 0.096774 -0.027752
v -0.052827 0.096789 -0.027384
v -0.128 0.096544 -0.031169
v 0.032216 0.096474 -0.026624
v 0.009467 0.096644 -0.027034
v 0.00024052 0.096654 -0.027034
v 0.000302 0.096743 -0.027511
v -0.004281 0.096743 -0.02751
v 0.004884 0.096742 -0.027512
v -0.008863 0.096744 -0.027509
v -0.013445 0.096745 -0.027509
v 0.089374 0.096747 -0.027087
v 0.028366 0.096761 -0.028
v -0.0017025 0.096342 -0.0261
v -0.027558 0.096711 -0.027076
v 0.1286 0.096742 0.012022
v 0.031704 0.0968 0.0079091
v -0.128 0.096775 -0.019392
v 0.068002 0.094948 -0.024885
v -0.036762 0.095631 -0.021044
v 0.10406 0.096772 0.01091
v 0.11365 0.096565 -0.00090172
v 0.047323 0.096662 0.0015063
v -0.095223 0.096655 -0.0060653
v 0.075949 0.096358 -0.0017861
v 0.0059416 0.095378 -0.016334
v 0.10996 0.095465 -0.01489
v -0.067179 0.09617 -0.014311
v 0.067673 0.093745 -0.017953
v 0.052099 0.094021 -0.018606
v 0.096717 0.095201 -0.014365
v 0.078734 0.094408 -0.022203
v 0.059572 0.093989 -0.021899
v 0.015455 0.095118 -0.020766
v 0.10847 0.095644 -0.021925
v 0.097042 0.09589 -0.024808
v -0.0079552 0.095515 -0.023002
v 0.018134 0.095717 -0.024852
v 0.1286 0.096729 -0.029883
v 0.010075 0.096254 -0.03258
v 0.092518 0.096254 -0.03258
v -0.025758 0.096254 -0.03258
v -0.072368 0.096254 -0.03258
v -0.128 0.095052 -0.037028
v -0.128 0.092131 -0.043201
v 0.1286 0.071067 -0.056704
v 0.098532 0.071372 -0.056646
v 0.066457 0.071372 -0.056646
v 0.034382 0.071372 -0.056646
v 0.0048129 0.071372 -0.056646
v -0.025758 0.071372 -0.056646
v -0.057834 0.071372 -0.056646
v -0.091412 0.071372 -0.056646
v 0.1286 0.095052 -0.037028
v 0.01446 0.095052 -0.037028
v 0.032127 0.093183 -0.04124
v -0.079885 0.093183 -0.04124
v 0.1286 0.092141 -0.043179
v 0.057937 0.09069 -0.045115
v -0.045805 0.09069 -0.045115
v 0.1286 0.087634 -0.048564
v -0.021749 0.087634 -0.048564
v -0.128 0.087634 -0.048564
v 0.1286 0.084086 -0.051503
v 0.042401 0.084086 -0.051503
v -0.021749 0.084086 -0.051503
v 0.1286 0.080129 -0.053865
v 0.030122 0.080129 -0.053865
v -0.08189 0.080129 -0.053865
v 0.1286 0.075858 -0.055593
v 0.0063164 0.075858 -0.055593
v 0.12135 -0.03004 0.071644
v 0.11325 -0.033315 0.069582
v 0.089912 -0.027162 0.058623
v 0.082942 -0.029053 0.057151
v 0.11991 0.027893 0.071177
v 0.10872 0.036864 0.06849
v 0.1152 -0.027263 0.069433
v 0.098065 -0.028451 0.06174
v 0.096367 0.026771 0.060958
v 0.089799 0.024567 0.058578
v 0.11313 0.026451 0.068541
v 0.014191 0.080668 0.042151
v 0.02106 0.09431 0.015538
v 0.02106 0.080668 0.042151
v 0.014191 0.09431 0.015538
v 0.0189 0.071712 0.048874
v 0.021062 0.073145 0.048008
v 0.021565 0.075821 0.046207
v 0.021005 0.077019 0.045308
v 0.019316 0.078112 0.044435
v 0.013894 0.076507 0.045699
v 0.013582 0.074894 0.046861
v 0.0142 0.07305 0.048069
v 0.015603 0.071864 0.048786
v 0.015444 0.077869 0.044631
v -0.092205 0.090312 0.02877
v -0.075214 0.094298 0.015598
v -0.081027 0.094395 0.01493
v -0.085486 0.094221 0.016155
v -0.088988 0.093637 0.019076
v -0.092184 0.088362 0.032428
v -0.090847 0.085361 0.036866
v -0.088534 0.082986 0.039754
v -0.082289 0.080539 0.042276
v -0.074275 0.080871 0.041951
v -0.069313 0.083229 0.039461
v -0.066736 0.085781 0.036307
v -0.065612 0.088154 0.032752
v -0.091971 0.091867 0.025095
v -0.066054 0.091542 0.025903
v -0.067336 0.092712 0.022586
v -0.071046 0.093906 0.017889
v -0.091467 0.092517 0.023207
v -0.085952 0.091865 0.025107
v -0.084133 0.092776 0.022411
v -0.081121 0.093167 0.021068
v -0.076781 0.093041 0.021516
v -0.074216 0.092331 0.023748
v -0.072352 0.090312 0.02877
v -0.072457 0.089458 0.034493
v -0.072491 0.087906 0.033185
v -0.074389 0.085361 0.036867
v -0.077349 0.084114 0.038449
v -0.080511 0.085464 0.039958
v -0.080574 0.08408 0.038491
v -0.08412 0.087098 0.037924
v -0.082755 0.084717 0.037711
v -0.084508 0.086149 0.035815
v -0.085322 0.089451 0.034483
v -0.076142 0.085849 0.039495
v -0.085289 0.087906 0.033185
v -0.073631 0.087345 0.037598
v -0.060785 0.090312 0.02877
v -0.059778 0.094488 0.023656
v -0.043779 0.094298 0.015598
v -0.048144 0.094414 0.014774
v -0.052501 0.094322 0.015487
v -0.055969 0.094005 0.017397
v -0.060298 0.087169 0.034243
v -0.057827 0.083643 0.038986
v -0.055487 0.081975 0.040843
v -0.051551 0.080578 0.042243
v -0.044396 0.080486 0.042327
v -0.036277 0.084728 0.037634
v -0.034178 0.088154 0.032752
v -0.060508 0.091865 0.025107
v -0.034619 0.091542 0.025903
v -0.0359 0.092712 0.022586
v -0.039361 0.093877 0.018057
v -0.040411 0.081678 0.041147
v -0.059485 0.092854 0.022052
v -0.054517 0.091865 0.025107
v -0.05341 0.092499 0.023271
v -0.050551 0.09312 0.021238
v -0.046002 0.093123 0.021227
v -0.043733 0.092722 0.022581
v -0.041965 0.091966 0.024826
v -0.040917 0.090312 0.02877
v -0.041071 0.087906 0.033185
v -0.043093 0.086459 0.038771
v -0.041856 0.086394 0.035455
v -0.043393 0.084993 0.037359
v -0.047411 0.085427 0.039997
v -0.045657 0.084143 0.038416
v -0.051289 0.086107 0.039186
v -0.049157 0.084059 0.038517
v -0.052086 0.085291 0.036957
v -0.041037 0.089452 0.034484
v -0.05387 0.087906 0.033185
v -0.054089 0.089394 0.034786
v -0.026119 0.080361 0.042445
v -0.022843 0.081567 0.041254
v -0.020093 0.083858 0.038755
v -0.03012 0.080433 0.042376
v -0.020093 0.080668 0.042151
v -0.014071 0.09431 0.015538
v -0.014071 0.080668 0.042151
v -0.02094 0.09431 0.015538
v -0.021446 0.087225 0.034217
v -0.023264 0.0855 0.036699
v -0.025485 0.084718 0.03771
v -0.03012 0.084584 0.037877
v -0.002058 0.08437 0.03814
v -0.008604 0.080668 0.042151
v -0.008604 0.08437 0.03814
v -0.002058 0.080668 0.042151
v -0.002058 0.075281 0.046598
v 0.004811 0.080668 0.042151
v 0.004811 0.075281 0.046598
v 0.008785 0.080668 0.042151
v 0.008785 0.084361 0.038152
v 0.004811 0.084361 0.038152
v 0.0033772 0.093688 0.01895
v 0.000994 0.094175 0.016402
v -0.00226 0.094379 0.015039
v -0.008604 0.094292 0.015664
v -0.008604 0.09302 0.021593
v -0.00437 0.093074 0.021401
v -0.0022605 0.09236 0.0237
v 0.004723 0.092531 0.023191
v 0.028201 0.086226 0.035681
v 0.029447 0.083498 0.039151
v 0.03238 0.081243 0.041589
v 0.037727 0.080233 0.042564
v 0.043285 0.080979 0.041842
v 0.048137 0.083668 0.038978
v 0.048152 0.080668 0.042151
v 0.054344 0.094305 0.015574
v 0.054344 0.080668 0.042151
v 0.047475 0.094305 0.015574
v 0.047365 0.087804 0.03334
v 0.04491 0.085022 0.037325
v 0.042151 0.084286 0.038242
v 0.037996 0.084467 0.038025
v 0.046337 0.086055 0.035942
v 0.035815 0.08561 0.036545
v 0.034977 0.087385 0.034002
v 0.034953 0.09431 0.015538
v 0.028084 0.09431 0.015538
v 0.079595 0.094392 0.014961
v 0.072185 0.094308 0.015562
v 0.062462 0.092255 0.024017
v 0.06638 0.093732 0.018696
v 0.061259 0.07242 0.048459
v 0.06141 0.090342 0.028622
v 0.068698 0.07242 0.048459
v 0.068726 0.089676 0.030044
v 0.069605 0.091488 0.026073
v 0.073994 0.092858 0.022146
v 0.079702 0.09293 0.021899
v 0.083356 0.092398 0.023588
v 0.0708 0.092207 0.024157
v 0.085635 0.090953 0.027342
v 0.086103 0.07242 0.048459
v 0.093064 0.089621 0.030161
v 0.093064 0.07242 0.048459
v 0.091981 0.091969 0.024698
v 0.089145 0.093487 0.019799
v 0.086033 0.094043 0.017181
v -0.017654 -0.079554 0.043584
v -0.011713 -0.084412 0.038626
v -0.028565 -0.088405 0.033098
v -0.02701 -0.084412 0.038626
v -0.030701 -0.092941 0.023308
v -0.035361 -0.071411 0.049295
v -0.03982 -0.09452 0.017002
v -0.0484 -0.090684 0.028841
v -0.046834 -0.092768 0.023818
v -0.012328 -0.072433 0.048701
v -0.010357 -0.077135 0.045564
v -0.016661 -0.092076 0.025676
v -0.016399 -0.06945 0.050313
v -0.019947 -0.075576 0.046695
v -0.020451 -0.093601 0.021081
v -0.021758 -0.068393 0.050815
v -0.027189 -0.074347 0.047532
v -0.022719 -0.074372 0.04752
v -0.020509 -0.088405 0.033098
v -0.024762 -0.092038 0.025819
v -0.024679 -0.094337 0.017975
v -0.02799 -0.068665 0.050689
v -0.033441 -0.077151 0.045526
v -0.02741 -0.092658 0.02414
v -0.029603 -0.094667 0.016126
v -0.037588 -0.081243 0.041988
v -0.035348 -0.092759 0.023846
v -0.034836 -0.094723 0.015763
v -0.039427 -0.074216 0.047599
v -0.039936 -0.085545 0.037178
v -0.040574 -0.089035 0.032
v -0.038978 -0.09159 0.026861
v -0.043547 -0.09402 0.01945
v -0.044733 -0.079659 0.043491
v -0.047921 -0.085663 0.036929
v -0.02248 -0.092488 0.029778
v 0.008751 -0.082184 0.041087
v 0.012986 -0.0912 0.0278
v 0.000801 -0.086705 0.03566
v 0.011914 -0.082379 0.040885
v 0.01371 -0.08314 0.040071
v 0.015325 -0.085479 0.037274
v 0.014719 -0.089344 0.031494
v 0.010479 -0.092411 0.024824
v 0.0052052 -0.083203 0.039995
v 0.0079105 -0.09299 0.02315
v 0.0045145 -0.093197 0.022502
v -0.0005745 -0.089551 0.031069
v -0.0004655 -0.091551 0.026993
v 0.0014678 -0.092771 0.0238
v 0.0011937 -0.087395 0.038108
v 0.010666 -0.083504 0.042598
v 0.013698 -0.084403 0.041664
v 0.015734 -0.087659 0.037856
v 0.0063046 -0.084017 0.042076
v 0.0078898 -0.09468 0.024443
v -0.0008408 -0.09173 0.031451
v 0.0023472 -0.094667 0.024467
v 0.013596 -0.09246 0.030076
v -0.00042855 -0.09329 0.028035
v 0.055918 -0.070059 0.050009
v 0.054436 -0.09284 0.023612
v 0.053002 -0.094595 0.016574
v 0.036433 -0.09284 0.023612
v 0.037461 -0.078934 0.044117
v 0.032667 -0.076309 0.04618
v 0.025618 -0.093222 0.022417
v 0.024439 -0.094595 0.016574
v 0.058413 -0.072211 0.048845
v 0.060013 -0.077333 0.045397
v 0.05978 -0.074938 0.047133
v 0.058714 -0.081251 0.041989
v 0.055251 -0.084711 0.03825
v 0.052111 -0.068566 0.050739
v 0.048385 -0.074022 0.047743
v 0.050208 -0.074619 0.047354
v 0.051605 -0.075825 0.046523
v 0.052229 -0.078248 0.044671
v 0.051612 -0.080451 0.042776
v 0.047587 -0.068287 0.050864
v 0.041072 -0.075608 0.046668
v 0.044294 -0.074211 0.047622
v 0.048447 -0.083482 0.039648
v 0.041577 -0.069442 0.050312
v 0.036649 -0.072106 0.048897
v -0.12775 -0.05561 -0.057
v -0.12423 -0.051452 -0.073716
v -0.12602 -0.058577 -0.057
v -0.11995 -0.062171 -0.057
v -0.096476 -0.06198 -0.057
v -0.12268 -0.061231 -0.057
v -0.1204 -0.056775 -0.074085
v -0.11692 -0.058351 -0.074419
v -0.10125 -0.05802 -0.075928
v -0.091666 -0.058153 -0.057
v -0.096307 -0.054788 -0.076404
v -0.09446 -0.041444 -0.076582
v -0.092139 -0.036553 -0.062
v -0.092934 -0.035246 -0.062
v -0.091558 -0.037974 -0.062
v -0.091203 -0.039477 -0.062
v -0.091084 -0.041027 -0.062
v -0.091084 0.040578 -0.062
v -0.090103 -0.054299 -0.057
v -0.094196 -0.049668 -0.076613
v -0.090184 0.054585 -0.057
v -0.095173 0.060742 -0.057
v -0.092847 0.058984 -0.057
v -0.096304 0.054323 -0.076405
v -0.10111 0.057606 -0.075942
v -0.097836 0.061683 -0.057
v -0.11983 0.061737 -0.057
v -0.12651 0.057404 -0.057
v -0.12693 -0.041026 -0.062
v -0.12682 -0.039477 -0.062
v -0.12646 -0.037974 -0.062
v -0.12588 -0.036553 -0.062
v -0.12508 -0.035246 -0.062
v -0.12361 -0.039224 -0.073775
v -0.12409 -0.034084 -0.062
v -0.12293 -0.033094 -0.062
v -0.11983 -0.035198 -0.074139
v -0.12437 -0.042019 -0.073702
v -0.12162 -0.032299 -0.062
v -0.1202 -0.031718 -0.062
v -0.11932 -0.031455 -0.062
v -0.11512 -0.033941 -0.074593
v -0.10294 -0.034198 -0.075765
v -0.09969 -0.031297 -0.062
v -0.10032 -0.034837 -0.076018
v -0.099317 -0.031363 -0.062
v -0.097814 -0.031717 -0.062
v -0.096393 -0.032299 -0.062
v -0.095086 -0.033094 -0.062
v -0.097034 -0.036983 -0.076335
v -0.093924 -0.034084 -0.062
v -0.095605 -0.038873 -0.076472
v -0.097317 -0.033222 -0.066348
v -0.11715 -0.031244 -0.062
v -0.12682 0.03903 -0.062
v -0.1269 0.039676 -0.062
v -0.1239 0.03939 -0.073747
v -0.12588 0.036106 -0.062
v -0.12646 0.037528 -0.062
v -0.12508 0.034799 -0.062
v -0.12409 0.033637 -0.062
v -0.12293 0.032647 -0.062
v -0.12162 0.031852 -0.062
v -0.1202 0.03127 -0.062
v -0.1187 0.030916 -0.062
v -0.11715 0.030797 -0.062
v -0.10087 0.030797 -0.062
v -0.099317 0.030916 -0.062
v -0.097814 0.03127 -0.062
v -0.096393 0.031852 -0.062
v -0.098312 0.03546 -0.076211
v -0.095086 0.032647 -0.062
v -0.093924 0.033637 -0.062
v -0.092934 0.034799 -0.062
v -0.092139 0.036105 -0.062
v -0.096846 0.036767 -0.076352
v -0.10198 0.033849 -0.075858
v -0.11653 0.033602 -0.074457
v -0.12066 0.035299 -0.07406
v -0.091173 0.03918 -0.062002
v -0.091558 0.037527 -0.062
v -0.094528 0.040432 -0.076576
v -0.094348 0.050047 -0.076593
v -0.095238 0.052429 -0.076508
v -0.12417 0.051032 -0.073721
v -0.12793 0.053391 -0.057
v -0.12184 0.05516 -0.073946
v -0.12311 0.060564 -0.057
v -0.11667 0.057959 -0.074444
v -0.12268 -0.054553 -0.073865
v 0.23965 0.0020375 -0.038753
v 0.22941 -0.002722 -0.041363
v 0.22927 0.002278 -0.041438
v 0.22521 -0.002722 -0.038014
v 0.22689 0.002278 -0.03854
v 0.2245 0.002278 -0.038333
v 0.20988 -0.002722 -0.045513
v 0.1331 -0.000222 -0.054
v 0.13566 -0.015895 -0.053977
v 0.16072 -0.010167 -0.052037
v 0.18454 -0.0095332 -0.050601
v 0.20096 -0.0096812 -0.049117
v 0.21492 -0.0027531 -0.045026
v 0.21392 -0.0075073 -0.045636
v 0.21273 -0.0062482 -0.045278
v 0.17396 -0.0070292 -0.049663
v 0.16735 -0.010368 -0.052382
v 0.16054 -0.0085709 -0.051181
v 0.16141 -0.0069636 -0.05089
v 0.18259 -0.010563 -0.053898
v 0.16388 -0.011264 -0.053996
v 0.18391 -0.015236 -0.053658
v 0.2379 -0.015003 -0.039222
v 0.18735 -0.015241 -0.058476
v 0.18503 -0.012744 -0.058647
v 0.17945 -0.012744 -0.059
v 0.1916 -0.012744 -0.057703
v 0.21957 -0.015244 -0.052753
v 0.21963 -0.015244 -0.049365
v 0.21928 -0.012744 -0.052787
v 0.22001 -0.012744 -0.051421
v 0.21952 -0.012744 -0.049324
v 0.18722 -0.012744 -0.057978
v 0.24074 -0.011362 -0.038462
v 0.2413 -0.012024 -0.043488
v 0.2149 -0.000222 -0.050559
v 0.2149 0.002781 -0.050559
v 0.21483 -0.000222 -0.050573
v 0.21484 -0.0036524 -0.050577
v 0.21424 -0.0048911 -0.050734
v 0.21305 -0.0055357 -0.051002
v 0.21315 -0.0056471 -0.05102
v 0.2131 -0.005696 -0.051042
v 0.21244 -0.005835 -0.05122
v 0.20739 -0.006007 -0.052572
v 0.21244 -0.0057725 -0.051217
v 0.21243 -0.005707 -0.051205
v 0.20739 -0.005932 -0.052567
v 0.20738 -0.005858 -0.052551
v 0.20234 -0.006097 -0.053919
v 0.1973 -0.006266 -0.055271
v 0.20235 -0.006172 -0.053924
v 0.20234 -0.006023 -0.053903
v 0.20233 -0.005953 -0.053877
v 0.19729 -0.006193 -0.055255
v 0.19728 -0.006122 -0.055229
v 0.19225 -0.00638 -0.056606
v 0.19224 -0.006309 -0.05658
v 0.18721 -0.006596 -0.057957
v 0.19226 -0.006453 -0.056622
v 0.19226 -0.006529 -0.056627
v 0.18721 -0.00667 -0.057973
v 0.18722 -0.006745 -0.057978
v 0.18323 -0.006817 -0.058756
v 0.17945 -0.006894 -0.058994
v 0.18323 -0.006892 -0.058762
v 0.18322 -0.006743 -0.05874
v 0.17945 -0.006821 -0.058977
v 0.18322 -0.006673 -0.058712
v 0.1872 -0.006526 -0.057931
v 0.17945 -0.006751 -0.05895
v 0.18321 -0.006608 -0.058675
v 0.18718 -0.00646 -0.057895
v 0.17945 -0.006685 -0.058912
v 0.1832 -0.006549 -0.058628
v 0.18717 -0.006402 -0.057849
v 0.17945 -0.006627 -0.058864
v 0.18319 -0.006498 -0.058572
v 0.18715 -0.006351 -0.057796
v 0.17945 -0.006576 -0.058809
v 0.18318 -0.006457 -0.05851
v 0.18317 -0.006425 -0.058442
v 0.18713 -0.006309 -0.057735
v 0.17945 -0.006534 -0.058746
v 0.17353 -0.006697 -0.058747
v 0.17945 -0.006502 -0.058678
v 0.1783 -0.006496 -0.058611
v 0.17353 -0.006665 -0.058679
v 0.16761 -0.007042 -0.058681
v 0.16172 -0.007681 -0.058683
v 0.16762 -0.007074 -0.058749
v 0.16762 -0.007116 -0.058811
v 0.16172 -0.007713 -0.05875
v 0.16173 -0.007755 -0.058812
v 0.15588 -0.008662 -0.058752
v 0.15587 -0.00863 -0.058686
v 0.15588 -0.008703 -0.058814
v 0.15009 -0.009939 -0.058754
v 0.14438 -0.011521 -0.058756
v 0.15008 -0.009907 -0.058688
v 0.1501 -0.009981 -0.058815
v 0.14439 -0.011562 -0.058817
v 0.15011 -0.01003 -0.058869
v 0.15013 -0.010086 -0.058915
v 0.15589 -0.008753 -0.058868
v 0.14441 -0.01161 -0.05887
v 0.14443 -0.011666 -0.058916
v 0.13879 -0.013468 -0.058871
v 0.13881 -0.013523 -0.058916
v 0.13877 -0.01342 -0.058818
v 0.13454 -0.015062 -0.058872
v 0.13413 -0.015284 -0.058917
v 0.13875 -0.01338 -0.058758
v 0.14489 -0.010971 -0.057966
v 0.13757 -0.01368 -0.058548
v 0.14437 -0.01149 -0.05869
v 0.16063 -0.007801 -0.058613
v 0.16231 -0.0066789 -0.055868
v 0.16936 -0.0068696 -0.058589
v 0.18947 -0.0051033 -0.05284
v 0.18711 -0.006277 -0.057669
v 0.19216 -0.006061 -0.056318
v 0.1972 -0.005874 -0.054966
v 0.19218 -0.006092 -0.056384
v 0.1922 -0.006134 -0.056444
v 0.19722 -0.005906 -0.055032
v 0.19724 -0.005947 -0.055093
v 0.20227 -0.005736 -0.05368
v 0.20229 -0.005778 -0.053741
v 0.20225 -0.005704 -0.053614
v 0.20731 -0.005571 -0.052328
v 0.21273 -0.0053574 -0.050893
v 0.2073 -0.005539 -0.052262
v 0.20733 -0.005613 -0.052389
v 0.20735 -0.005664 -0.052443
v 0.21238 -0.005441 -0.051037
v 0.21237 -0.005423 -0.051015
v 0.21238 -0.005467 -0.051067
v 0.21239 -0.005492 -0.051091
v 0.2124 -0.00552 -0.051115
v 0.21241 -0.00555 -0.051137
v 0.21306 -0.0051186 -0.050192
v 0.21233 -0.005354 -0.050871
v 0.20717 -0.0055203 -0.052219
v 0.21234 -0.0053657 -0.050908
v 0.21235 -0.005389 -0.050958
v 0.21397 -0.0044458 -0.050086
v 0.2143 -0.0037374 -0.05032
v 0.21389 -0.0048982 -0.05068
v 0.21442 -0.0039383 -0.050558
v 0.2147 -0.003226 -0.05057
v 0.21452 -0.0033968 -0.050514
v 0.21447 -0.003226 -0.050465
v 0.2144 -0.003226 -0.05041
v 0.21442 -0.003226 -0.050424
v 0.21442 -0.000222 -0.050426
v 0.21437 -0.000222 -0.050368
v 0.21442 0.003041 -0.05044
v 0.21447 -0.000222 -0.050476
v 0.21448 0.002781 -0.050473
v 0.21454 -0.000222 -0.050517
v 0.21448 -0.003226 -0.050473
v 0.21461 -0.003226 -0.050544
v 0.21461 -0.000222 -0.050547
v 0.21462 -0.003226 -0.050549
v 0.21468 -0.003226 -0.050565
v 0.21468 -0.000222 -0.050567
v 0.21468 0.002781 -0.050565
v 0.21475 -0.000222 -0.050576
v 0.21476 0.0032474 -0.050589
v 0.21475 -0.003226 -0.050578
v 0.21478 -0.0038774 -0.050589
v 0.21483 -0.003226 -0.050578
v 0.2147 0.002781 -0.05057
v 0.21483 0.002781 -0.050578
v 0.21486 0.0029385 -0.050574
v 0.21484 0.0032999 -0.050576
v 0.21423 0.0040675 -0.050649
v 0.21241 0.005135 -0.051154
v 0.21241 0.005105 -0.051137
v 0.21242 0.005198 -0.051185
v 0.20737 0.005343 -0.052525
v 0.20736 0.005278 -0.052488
v 0.20738 0.005413 -0.052551
v 0.20233 0.005508 -0.053877
v 0.20232 0.005443 -0.05384
v 0.19728 0.005677 -0.055229
v 0.20234 0.005578 -0.053903
v 0.20234 0.005652 -0.053919
v 0.19729 0.005748 -0.055255
v 0.19225 0.005935 -0.056606
v 0.1973 0.005821 -0.055271
v 0.19226 0.006008 -0.056622
v 0.20739 0.005487 -0.052567
v 0.21243 0.005262 -0.051205
v 0.21273 0.0052331 -0.051124
v 0.21292 0.0052908 -0.05109
v 0.21324 0.00513 -0.050988
v 0.18551 0.012282 -0.058677
v 0.18721 0.006225 -0.057973
v 0.18721 0.006151 -0.057957
v 0.18323 0.006372 -0.058756
v 0.17945 0.006449 -0.058994
v 0.18335 0.012187 -0.058971
v 0.18322 0.006298 -0.05874
v 0.17945 0.006376 -0.058977
v 0.18322 0.006228 -0.058712
v 0.18321 0.006163 -0.058675
v 0.17945 0.006306 -0.05895
v 0.1872 0.006081 -0.057931
v 0.18718 0.006015 -0.057895
v 0.19224 0.005864 -0.05658
v 0.19223 0.005799 -0.056544
v 0.19221 0.00574 -0.056498
v 0.19727 0.005612 -0.055192
v 0.19726 0.005553 -0.055146
v 0.19724 0.005503 -0.055093
v 0.2023 0.005384 -0.053795
v 0.20735 0.005219 -0.052443
v 0.20229 0.005333 -0.053741
v 0.20733 0.005168 -0.052389
v 0.20227 0.005291 -0.05368
v 0.19722 0.005461 -0.055032
v 0.20225 0.005259 -0.053614
v 0.20731 0.005126 -0.052328
v 0.2073 0.005095 -0.052262
v 0.21264 0.0049503 -0.050933
v 0.21235 0.004944 -0.050958
v 0.21237 0.004979 -0.051015
v 0.21238 0.004996 -0.051037
v 0.21238 0.005022 -0.051067
v 0.21291 0.0049904 -0.050959
v 0.2124 0.005075 -0.051115
v 0.21297 0.0048369 -0.050748
v 0.21308 0.0046751 -0.050191
v 0.21233 0.004909 -0.050871
v 0.20712 0.0050769 -0.052232
v 0.1972 0.005429 -0.054966
v 0.19216 0.005616 -0.056318
v 0.19218 0.005648 -0.056384
v 0.18711 0.005832 -0.057669
v 0.18713 0.005864 -0.057735
v 0.18317 0.00598 -0.058442
v 0.18947 0.0046583 -0.05284
v 0.17107 0.0053262 -0.054921
v 0.16777 0.0065415 -0.058619
v 0.17353 0.00622 -0.058679
v 0.17353 0.006252 -0.058747
v 0.16761 0.006597 -0.058681
v 0.17945 0.006057 -0.058678
v 0.17945 0.006089 -0.058746
v 0.17945 0.006131 -0.058809
v 0.18318 0.006012 -0.05851
v 0.18319 0.006053 -0.058572
v 0.18715 0.005906 -0.057796
v 0.1832 0.006104 -0.058628
v 0.18717 0.005957 -0.057849
v 0.17945 0.006182 -0.058864
v 0.17353 0.006345 -0.058865
v 0.17945 0.00624 -0.058912
v 0.17945 0.006241 -0.058912
v 0.17353 0.006404 -0.058912
v 0.17354 0.006469 -0.05895
v 0.16763 0.00678 -0.058913
v 0.16763 0.006845 -0.05895
v 0.16175 0.007418 -0.058913
v 0.16762 0.006722 -0.058866
v 0.16762 0.006671 -0.058811
v 0.16174 0.00736 -0.058867
v 0.15589 0.008308 -0.058868
v 0.16173 0.00731 -0.058812
v 0.15588 0.008258 -0.058814
v 0.16172 0.007268 -0.05875
v 0.16172 0.007236 -0.058683
v 0.15588 0.008217 -0.058752
v 0.16762 0.006629 -0.058749
v 0.15009 0.009494 -0.058754
v 0.15587 0.008185 -0.058686
v 0.15008 0.009463 -0.058688
v 0.14437 0.011045 -0.05869
v 0.14289 0.011183 -0.058004
v 0.13556 0.01412 -0.058759
v 0.13875 0.012935 -0.058758
v 0.13502 0.014374 -0.058819
v 0.13454 0.014617 -0.058872
v 0.13877 0.012975 -0.058818
v 0.13879 0.013023 -0.058871
v 0.14439 0.011117 -0.058817
v 0.1501 0.009536 -0.058815
v 0.14441 0.011165 -0.05887
v 0.14438 0.011076 -0.058756
v 0.14443 0.011221 -0.058916
v 0.15011 0.009585 -0.058869
v 0.15013 0.009641 -0.058915
v 0.1559 0.008366 -0.058914
v 0.15014 0.009704 -0.058952
v 0.15016 0.009771 -0.058978
v 0.14444 0.011282 -0.058952
v 0.15592 0.008429 -0.058951
v 0.16175 0.007483 -0.058951
v 0.15593 0.008497 -0.058978
v 0.16176 0.007552 -0.058978
v 0.15594 0.008569 -0.058995
v 0.16177 0.007624 -0.058995
v 0.15596 0.008641 -0.059
v 0.15018 0.009841 -0.058995
v 0.15572 0.017577 -0.059175
v 0.14448 0.011417 -0.058995
v 0.14446 0.011348 -0.058979
v 0.13887 0.01327 -0.058995
v 0.13885 0.013203 -0.058979
v 0.13343 0.015341 -0.058995
v 0.13696 0.014049 -0.059
v 0.13338 0.015439 -0.059
v 0.13338 -0.000222 -0.059
v 0.13338 0.015431 -0.059
v 0.13338 0.015416 -0.058999
v 0.1334 0.01538 -0.058998
v 0.13342 0.015354 -0.058996
v 0.089602 -0.028222 -0.059
v 0.13338 -0.015876 -0.059
v 0.2143 -0.000222 -0.050234
v 0.2143 -0.003226 -0.050234
v 0.21431 -0.0035918 -0.050297
v 0.21435 -0.0036014 -0.050369
v 0.21433 -0.003226 -0.050305
v 0.21433 -0.000222 -0.050303
v 0.21433 0.002781 -0.050305
v 0.2143 0.0034217 -0.050385
v 0.21447 0.002781 -0.050465
v 0.21453 0.0029341 -0.050519
v 0.2144 0.002781 -0.05041
v 0.21437 0.002781 -0.050369
v 0.21462 0.002781 -0.050549
v 0.21461 0.002781 -0.050544
v 0.2142 0.0034172 -0.050065
v 0.13696 -0.014494 -0.059
v 0.13338 -0.015861 -0.059
v 0.13343 -0.015786 -0.058995
v 0.13349 -0.015716 -0.058987
v 0.13887 -0.013715 -0.058995
v 0.14815 -0.02 -0.059161
v 0.14448 -0.011862 -0.058995
v 0.13885 -0.013648 -0.058979
v 0.14446 -0.011793 -0.058979
v 0.13883 -0.013583 -0.058952
v 0.13357 -0.015653 -0.058979
v 0.13381 -0.015482 -0.058953
v 0.14444 -0.011727 -0.058952
v 0.15014 -0.010149 -0.058952
v 0.15592 -0.008874 -0.058951
v 0.15016 -0.010216 -0.058978
v 0.15018 -0.010286 -0.058995
v 0.15593 -0.008942 -0.058978
v 0.15594 -0.009014 -0.058995
v 0.16176 -0.007997 -0.058978
v 0.16177 -0.008069 -0.058995
v 0.16764 -0.00736 -0.058978
v 0.16175 -0.007927 -0.058951
v 0.16763 -0.00729 -0.05895
v 0.16175 -0.007863 -0.058913
v 0.16763 -0.007225 -0.058913
v 0.16174 -0.007805 -0.058867
v 0.1559 -0.008811 -0.058914
v 0.16762 -0.007167 -0.058866
v 0.17353 -0.00679 -0.058865
v 0.17353 -0.006849 -0.058912
v 0.17353 -0.006739 -0.05881
v 0.17354 -0.006914 -0.05895
v 0.17945 -0.006686 -0.058912
v 0.17354 -0.006984 -0.058978
v 0.17945 -0.006821 -0.058978
v 0.17354 -0.007058 -0.058994
v 0.17355 -0.007132 -0.059
v 0.16765 -0.007433 -0.058994
v 0.17945 -0.006895 -0.058994
v 0.17945 -0.006969 -0.059
v 0.16765 -0.007506 -0.059
v 0.16178 -0.008142 -0.059
v 0.15596 -0.009086 -0.059
v 0.089602 0.027778 -0.054
v 0.089602 0.027778 -0.059
v 0.128 0.027645 -0.059
v 0.12849 0.027441 -0.054
v 0.14295 0.021482 -0.059102
v 0.14183 0.021863 -0.054
v 0.17113 0.015251 -0.059157
v 0.16255 0.016063 -0.054
v 0.18207 0.010104 -0.054002
v 0.17589 0.009487 -0.051851
v 0.21113 0.0081904 -0.046473
v 0.18315 0.014799 -0.053838
v 0.23752 0.014644 -0.039324
v 0.23895 0.014396 -0.044117
v 0.24056 0.011575 -0.038509
v 0.24012 -0.00022252 -0.043801
v 0.2414 0.010891 -0.043459
v 0.21952 0.012299 -0.049324
v 0.21956 0.014799 -0.049323
v 0.21965 0.014799 -0.052734
v 0.21979 0.012299 -0.052622
v 0.18587 0.014786 -0.058712
v 0.17945 0.00645 -0.058994
v 0.17354 0.006613 -0.058994
v 0.17354 0.006539 -0.058978
v 0.16765 0.006988 -0.058994
v 0.16765 0.007062 -0.059
v 0.16764 0.006915 -0.058978
v 0.16178 0.007697 -0.059
v 0.17945 0.006376 -0.058978
v 0.16919 0.0091305 -0.051594
v 0.15618 0.010745 -0.052586
v 0.17623 0.0067887 -0.049502
v 0.15847 0.0065764 -0.051196
v 0.21011 0.0023993 -0.045408
v 0.21484 0.0022917 -0.045036
v 0.21509 0.0051095 -0.045331
v 0.21268 0.0059957 -0.045316
v 0.15136 0.0097783 -0.052202
v 0.16124 0.011219 -0.054003
v 0.1332 0.014819 -0.053999
v 0.13558 0.015723 -0.053998
v 0.089602 -0.028222 -0.054
v 0.12849 -0.027886 -0.054
v 0.12797 -0.028103 -0.059
v 0.14468 -0.021187 -0.054
v 0.16784 -0.015829 -0.05404
v 0.1696 -0.01572 -0.059031
v 0.13349 0.015271 -0.058987
v 0.13357 0.015208 -0.058979
v 0.13381 0.015037 -0.058953
v 0.13413 0.014839 -0.058917
v 0.13883 0.013138 -0.058952
v 0.13881 0.013078 -0.058916
v 0.15436 0.0078744 -0.05685
v 0.17353 0.006295 -0.05881
v 0.1922 0.005689 -0.056444
v 0.21242 -0.005643 -0.051185
v 0.21242 -0.005616 -0.051173
v 0.21241 -0.00558 -0.051154
v 0.20737 -0.005788 -0.052525
v 0.20736 -0.005723 -0.052488
v 0.20232 -0.005888 -0.05384
v 0.2023 -0.005829 -0.053795
v 0.19727 -0.006057 -0.055192
v 0.19726 -0.005998 -0.055146
v 0.19223 -0.006244 -0.056544
v 0.19221 -0.006185 -0.056498
v 0.18337 -0.006888 -0.058743
v 0.18337 -0.012744 -0.058743
v 0.1973 -0.006342 -0.055276
v 0.23822 -0.015047 -0.044313
v 0.22232 -0.020797 0.087854
v 0.22889 -0.021471 0.081405
v 0.21734 -0.022377 0.082123
v 0.21042 -0.01996 0.082367
v 0.20683 -0.015108 0.08799
v 0.21055 -0.017563 0.08839
v 0.21794 -0.019693 0.088743
v 0.23476 -0.014445 0.088771
v 0.22622 -0.019247 0.088671
v 0.2157 -0.020076 0.087994
v 0.22339 -0.022637 0.081616
v 0.24057 -0.0067283 0.087855
v 0.24362 -0.0019326 0.081608
v 0.23776 -0.015551 0.081383
v 0.233 -0.019528 0.081161
v 0.22894 -0.019041 0.088233
v 0.23422 -0.016116 0.087706
v 0.21139 -0.034854 0.080266
v 0.20628 -0.03566 0.080705
v 0.20584 -0.035807 0.080721
v 0.20005 -0.036796 0.081135
v 0.20585 -0.035822 0.080717
v 0.21163 -0.034824 0.08024
v 0.21752 -0.033831 0.079677
v 0.21163 -0.034842 0.080234
v 0.21752 -0.033852 0.07967
v 0.21164 -0.034858 0.080227
v 0.20585 -0.035835 0.080711
v 0.21164 -0.034874 0.080218
v 0.21752 -0.033872 0.079661
v 0.21753 -0.033891 0.07965
v 0.2234 -0.032892 0.079019
v 0.2234 -0.032915 0.079007
v 0.2234 -0.032868 0.079031
v 0.22339 -0.032844 0.07904
v 0.2264 -0.032366 0.078673
v 0.2264 -0.032339 0.078683
v 0.22641 -0.032417 0.078646
v 0.22941 -0.031864 0.078294
v 0.22941 -0.03192 0.078265
v 0.22941 -0.031834 0.078305
v 0.23241 -0.031362 0.077894
v 0.23241 -0.03133 0.077907
v 0.23242 -0.031423 0.077863
v 0.23541 -0.030861 0.077474
v 0.23541 -0.030926 0.077441
v 0.23827 -0.03045 0.077018
v 0.23541 -0.030928 0.07744
v 0.23541 -0.030987 0.0774
v 0.2358 -0.032372 0.075922
v 0.23827 -0.030516 0.076977
v 0.23953 -0.030381 0.076735
v 0.25051 -0.028805 0.074607
v 0.2429 -0.029832 0.076197
v 0.24108 -0.029974 0.076585
v 0.24308 -0.029528 0.07632
v 0.24826 -0.028475 0.075521
v 0.24095 -0.029537 0.076782
v 0.23827 -0.030381 0.077053
v 0.23615 -0.030699 0.077382
v 0.2249 -0.023425 0.080848
v 0.24677 -0.018065 0.079644
v 0.25757 -0.027238 0.073568
v 0.2648 -0.025767 0.072143
v 0.26565 -0.025681 0.071893
v 0.27969 -0.015078 0.073727
v 0.27467 -0.022521 0.070871
v 0.2961 -0.01408 0.068839
v 0.29383 -0.010376 0.071328
v 0.30471 -0.0044763 0.069384
v 0.30853 0.0019989 0.068432
v 0.31895 -0.0017266 0.064454
v 0.31024 -0.0074383 0.066724
v 0.33176 -0.004412 0.055765
v 0.33153 -0.006371 0.054963
v 0.33174 -0.004386 0.055691
v 0.3319 -0.002346 0.056255
v 0.33188 -0.002333 0.05618
v 0.33195 -0.000223 0.056423
v 0.33193 -0.000223 0.056346
v 0.33188 0.001887 0.05618
v 0.33153 0.005926 0.054963
v 0.3317 0.0045578 0.055558
v 0.33124 0.008113 0.055733
v 0.33124 0.00773 0.053871
v 0.33123 0.00768 0.053805
v 0.33092 0.00934 0.052516
v 0.33092 0.00931 0.052486
v 0.3306 0.010721 0.050926
v 0.33081 0.009895 0.052063
v 0.33051 0.011214 0.052772
v 0.3306 0.010756 0.050953
v 0.3303 0.011877 0.049159
v 0.33006 0.012705 0.047204
v 0.3303 0.011838 0.049138
v 0.33031 0.011798 0.049118
v 0.33007 0.012662 0.047189
v 0.32991 0.013169 0.045124
v 0.33007 0.01262 0.047174
v 0.32991 0.013124 0.045117
v 0.33007 0.012575 0.04716
v 0.33006 0.012532 0.047146
v 0.32991 0.013078 0.045109
v 0.3303 0.011758 0.049097
v 0.33029 0.011718 0.049078
v 0.33059 0.010649 0.050876
v 0.3306 0.010686 0.050901
v 0.33059 0.010614 0.050851
v 0.33091 0.009279 0.052457
v 0.3309 0.009249 0.052428
v 0.33089 0.009218 0.0524
v 0.33087 0.009188 0.052374
v 0.33057 0.010578 0.050827
v 0.33121 0.00763 0.053742
v 0.33117 0.007582 0.053685
v 0.33149 0.00585 0.054826
v 0.33152 0.005888 0.054893
v 0.33145 0.005813 0.054764
v 0.33171 0.003915 0.055621
v 0.33167 0.00389 0.055556
v 0.33185 0.001874 0.056108
v 0.33181 0.001861 0.056041
v 0.3319 -0.000223 0.056274
v 0.33186 -0.000223 0.056207
v 0.33185 -0.00232 0.056108
v 0.33181 -0.002307 0.056041
v 0.33171 -0.004361 0.055621
v 0.33149 -0.006296 0.054826
v 0.33167 -0.004336 0.055556
v 0.33162 -0.004313 0.055499
v 0.33145 -0.006259 0.054764
v 0.3314 -0.006224 0.05471
v 0.33117 -0.008028 0.053685
v 0.33121 -0.008076 0.053742
v 0.33112 -0.007982 0.053635
v 0.33085 -0.009605 0.052349
v 0.33087 -0.009634 0.052374
v 0.33083 -0.009577 0.052326
v 0.33054 -0.010955 0.050784
v 0.33056 -0.010989 0.050805
v 0.33025 -0.012046 0.049024
v 0.33051 -0.010922 0.050764
v 0.33022 -0.012009 0.049008
v 0.33049 -0.010891 0.050746
v 0.33046 -0.010861 0.05073
v 0.3302 -0.011974 0.048994
v 0.3308 -0.00955 0.052304
v 0.33077 -0.009524 0.052285
v 0.33074 -0.0095 0.052268
v 0.33071 -0.009478 0.052253
v 0.33105 -0.007941 0.053594
v 0.33043 -0.010834 0.050715
v 0.33039 -0.010808 0.050703
v 0.33014 -0.011911 0.04897
v 0.3299 -0.012704 0.047072
v 0.33017 -0.011941 0.048981
v 0.3301 -0.011883 0.048961
v 0.32987 -0.012675 0.047066
v 0.33006 -0.011858 0.048954
v 0.32983 -0.012649 0.047061
v 0.33002 -0.011837 0.048949
v 0.33035 -0.010786 0.050694
v 0.33031 -0.010766 0.050686
v 0.33067 -0.009458 0.052241
v 0.33063 -0.00944 0.052231
v 0.33099 -0.007906 0.053562
v 0.33091 -0.007877 0.053541
v 0.33127 -0.006165 0.054629
v 0.33134 -0.006193 0.054664
v 0.33149 -0.004273 0.055412
v 0.33156 -0.004292 0.05545
v 0.33145 -0.0037686 0.055604
v 0.33163 -0.002275 0.055892
v 0.3317 -0.002285 0.055932
v 0.33169 -0.000223 0.056056
v 0.33175 -0.000223 0.056097
v 0.33161 -0.000223 0.056026
v 0.33163 0.001829 0.055892
v 0.33149 0.003827 0.055412
v 0.33156 0.001821 0.055863
v 0.3317 0.001839 0.055932
v 0.33176 0.001849 0.055982
v 0.33156 0.003846 0.05545
v 0.33162 0.003867 0.055499
v 0.33134 0.005747 0.054664
v 0.3314 0.005778 0.05471
v 0.33127 0.005719 0.054629
v 0.33105 0.007496 0.053593
v 0.33112 0.007536 0.053635
v 0.33099 0.00746 0.053562
v 0.33074 0.009054 0.052268
v 0.33071 0.009032 0.052253
v 0.33043 0.010388 0.050715
v 0.33077 0.009078 0.052285
v 0.33046 0.010415 0.050729
v 0.3308 0.009104 0.052304
v 0.33083 0.009131 0.052325
v 0.33049 0.010445 0.050746
v 0.33051 0.010476 0.050764
v 0.3302 0.011528 0.048994
v 0.33022 0.011563 0.049008
v 0.32997 0.012327 0.047088
v 0.33017 0.011495 0.048981
v 0.33014 0.011465 0.04897
v 0.32994 0.012291 0.047079
v 0.32979 0.012779 0.045068
v 0.3299 0.012259 0.047072
v 0.32987 0.012229 0.047066
v 0.32975 0.012746 0.045064
v 0.3297 0.01291 0.043
v 0.32972 0.012715 0.045061
v 0.32966 0.012879 0.043
v 0.32968 0.012688 0.045059
v 0.32964 0.012665 0.045057
v 0.32983 0.012203 0.047061
v 0.32962 0.012852 0.043
v 0.32959 0.012831 0.043
v 0.32965 0.012872 0.043
v 0.32965 0.012872 0.038935
v 0.32971 0.012923 0.038935
v 0.32965 0.012872 0.034871
v 0.32959 0.012831 0.038935
v 0.32959 0.012831 0.034871
v 0.32952 0.012801 0.038935
v 0.32944 0.012783 0.038935
v 0.32952 0.012801 0.043
v 0.32952 0.012801 0.034871
v 0.32952 0.012801 0.030806
v 0.32944 0.012783 0.034871
v 0.32944 0.012783 0.030806
v 0.32936 0.012777 0.034871
v 0.32936 0.012777 0.038935
v 0.32936 0.012777 0.030806
v 0.32936 0.012777 0.026741
v 0.32944 0.012783 0.026741
v 0.32936 0.012777 0.022677
v 0.32944 0.012783 0.022677
v 0.32936 0.012777 0.018612
v 0.32944 0.012783 0.018612
v 0.32936 0.012777 0.014547
v 0.32936 0.012777 0.010482
v 0.32944 0.012783 0.014547
v 0.32944 0.012783 0.010482
v 0.32952 0.012801 0.014547
v 0.32952 0.012801 0.010482
v 0.32959 0.012831 0.014547
v 0.32952 0.012801 0.018612
v 0.32959 0.012831 0.018612
v 0.32952 0.012801 0.022677
v 0.32952 0.012801 0.026741
v 0.32959 0.012831 0.022677
v 0.32965 0.012872 0.022677
v 0.32959 0.012831 0.026741
v 0.32965 0.012872 0.026741
v 0.32959 0.012831 0.030806
v 0.32965 0.012872 0.030806
v 0.32971 0.012923 0.030806
v 0.32976 0.012982 0.030806
v 0.32971 0.012923 0.026741
v 0.32971 0.012923 0.034871
v 0.32976 0.012982 0.034871
v 0.32976 0.012982 0.038935
v 0.32981 0.013049 0.034871
v 0.32981 0.013049 0.038935
v 0.32981 0.013049 0.030806
v 0.32984 0.013121 0.034871
v 0.32984 0.013121 0.038935
v 0.32985 0.013197 0.034871
v 0.32984 0.013121 0.030806
v 0.32985 0.013197 0.030806
v 0.32984 0.013121 0.026741
v 0.32985 0.013197 0.026741
v 0.32981 0.013049 0.026741
v 0.32984 0.013121 0.022677
v 0.32985 0.013197 0.022677
v 0.32981 0.013049 0.022677
v 0.32984 0.013121 0.018612
v 0.32984 0.013121 0.014547
v 0.32981 0.013049 0.018612
v 0.32985 0.013197 0.018612
v 0.32985 0.013197 0.014547
v 0.32986 0.013275 0.018612
v 0.32986 0.013275 0.022677
v 0.32985 0.013353 0.018612
v 0.32986 0.013275 0.014547
v 0.32985 0.013353 0.014547
v 0.32986 0.013275 0.010482
v 0.32985 0.013197 0.010482
v 0.32985 0.013353 0.010482
v 0.32986 0.013275 0.006418
v 0.32985 0.013197 0.006418
v 0.32986 0.013275 0.002353
v 0.32985 0.013353 0.006418
v 0.32985 0.013353 0.002353
v 0.32985 0.013353 -0.001712
v 0.32985 0.013353 -0.005776
v 0.32986 0.013275 -0.001712
v 0.32943 0.014742 0.0001932
v 0.32985 0.013353 -0.009841
v 0.31611 0.028928 0.013168
v 0.32369 0.02205 0.0097352
v 0.32049 0.02982 -0.024373
v 0.32471 0.022217 -0.0021797
v 0.31586 0.031499 -0.0064422
v 0.29853 0.041659 -0.015595
v 0.29558 0.042343 -0.0073562
v 0.28845 0.045786 0.0048081
v 0.28307 0.04872 0.013055
v 0.30309 0.038032 0.01075
v 0.30845 0.035901 -0.003595
v 0.29163 0.043085 0.0172
v 0.29313 0.042206 0.017296
v 0.28313 0.047703 0.018524
v 0.28842 0.044544 0.01823
v 0.28543 0.046152 0.018597
v 0.29327 0.042066 0.0175
v 0.28862 0.04434 0.018428
v 0.28385 0.046738 0.019209
v 0.29341 0.041925 0.017704
v 0.28882 0.044136 0.018626
v 0.29356 0.041785 0.017909
v 0.28902 0.043931 0.018824
v 0.28438 0.046101 0.019635
v 0.28922 0.043726 0.019021
v 0.2937 0.041644 0.018113
v 0.29837 0.039333 0.017356
v 0.29384 0.041502 0.018317
v 0.29398 0.041363 0.018513
v 0.29845 0.03924 0.017569
v 0.303 0.036889 0.016787
v 0.29853 0.03915 0.017774
v 0.30301 0.036838 0.017004
v 0.29857 0.039103 0.017879
v 0.29858 0.039081 0.017932
v 0.29405 0.041291 0.018613
v 0.2895 0.043415 0.019304
v 0.29409 0.041257 0.018663
v 0.28955 0.043367 0.019353
v 0.29431 0.041142 0.018677
v 0.29871 0.039015 0.017953
v 0.29868 0.038223 0.021801
v 0.29793 0.038523 0.021699
v 0.2952 0.039935 0.021767
v 0.29343 0.040692 0.022414
v 0.29388 0.04066 0.022117
v 0.28704 0.043662 0.023838
v 0.28984 0.041831 0.025898
v 0.29191 0.041218 0.023492
v 0.28956 0.041451 0.027421
v 0.28854 0.040912 0.031441
v 0.28831 0.040305 0.034412
v 0.28836 0.039792 0.03553
v 0.28878 0.03858 0.038957
v 0.28355 0.039922 0.0425
v 0.2942 0.034587 0.042384
v 0.26657 0.046339 0.049898
v 0.27089 0.043717 0.051162
v 0.2653 0.047105 0.047111
v 0.26438 0.049703 0.040971
v 0.26692 0.049404 0.03851
v 0.27388 0.048421 0.030236
v 0.27474 0.048737 0.027053
v 0.27913 0.046604 0.027368
v 0.27736 0.046109 0.032702
v 0.27933 0.045686 0.03034
v 0.27999 0.045671 0.029642
v 0.28234 0.045227 0.026888
v 0.28108 0.045372 0.028293
v 0.2823 0.045137 0.026867
v 0.28167 0.045408 0.026961
v 0.28249 0.045686 0.023958
v 0.27845 0.046788 0.027443
v 0.27777 0.047081 0.027544
v 0.27717 0.047468 0.027666
v 0.27466 0.048555 0.028037
v 0.27461 0.048466 0.028017
v 0.27486 0.048982 0.025101
v 0.27892 0.047212 0.024493
v 0.27442 0.049364 0.025103
v 0.27839 0.047553 0.024597
v 0.27161 0.05082 0.022706
v 0.27007 0.050606 0.027495
v 0.27157 0.050844 0.022697
v 0.27003 0.05063 0.02749
v 0.27155 0.05087 0.02269
v 0.27177 0.0509 0.021908
v 0.27237 0.050732 0.021532
v 0.27254 0.050672 0.021529
v 0.27284 0.050573 0.021483
v 0.27241 0.050705 0.021593
v 0.27265 0.050631 0.02153
v 0.27265 0.05063 0.02153
v 0.27266 0.050628 0.021529
v 0.27267 0.050624 0.021527
v 0.2727 0.050615 0.021523
v 0.27286 0.050562 0.021504
v 0.27306 0.050491 0.021482
v 0.27308 0.050483 0.02148
v 0.27319 0.050442 0.021468
v 0.27345 0.050348 0.021442
v 0.27343 0.05036 0.021421
v 0.2758 0.049398 0.02119
v 0.27578 0.049411 0.021172
v 0.27649 0.0491 0.021113
v 0.28045 0.04737 0.020644
v 0.28043 0.04738 0.020631
v 0.28095 0.047155 0.020581
v 0.28504 0.045388 0.020046
v 0.28 0.046856 0.024355
v 0.28304 0.045557 0.023901
v 0.28459 0.044874 0.023668
v 0.28299 0.045468 0.023883
v 0.28628 0.04401 0.02339
v 0.28704 0.043666 0.023277
v 0.28709 0.043755 0.023296
v 0.28685 0.043226 0.025667
v 0.28689 0.043314 0.025687
v 0.28593 0.043427 0.026729
v 0.285 0.043722 0.027872
v 0.28363 0.043892 0.029372
v 0.2836 0.043996 0.029482
v 0.28131 0.04431 0.032052
v 0.28259 0.044184 0.03065
v 0.2791 0.044743 0.034681
v 0.28091 0.044471 0.032586
v 0.27876 0.044689 0.035025
v 0.27946 0.0446 0.034187
v 0.27737 0.044622 0.037427
v 0.27752 0.044839 0.03689
v 0.27722 0.043866 0.039978
v 0.27706 0.044276 0.03943
v 0.27826 0.042935 0.04123
v 0.27795 0.043211 0.041205
v 0.28138 0.041616 0.040592
v 0.28087 0.041769 0.041221
v 0.28337 0.041557 0.038219
v 0.28332 0.041548 0.037972
v 0.28565 0.040075 0.039227
v 0.28556 0.040019 0.03917
v 0.28332 0.039939 0.042527
v 0.28178 0.040319 0.043549
v 0.27697 0.042478 0.044156
v 0.28025 0.040951 0.044208
v 0.27631 0.042917 0.044172
v 0.27468 0.04412 0.042723
v 0.27395 0.045075 0.041013
v 0.27378 0.045264 0.041067
v 0.274 0.046001 0.038128
v 0.27463 0.046401 0.036268
v 0.2756 0.046212 0.034895
v 0.27087 0.044093 0.048158
v 0.28543 0.045221 0.019994
v 0.28974 0.043264 0.019375
v 0.28958 0.043346 0.019379
v 0.28501 0.045409 0.020021
v 0.28041 0.047396 0.020613
v 0.28498 0.045437 0.019994
v 0.28037 0.047433 0.020581
v 0.28495 0.045469 0.019968
v 0.28492 0.045504 0.019944
v 0.28033 0.047476 0.020552
v 0.28953 0.04339 0.019328
v 0.2803 0.047524 0.020527
v 0.27568 0.049536 0.021076
v 0.27332 0.050496 0.021317
v 0.27564 0.049601 0.021049
v 0.27569 0.049506 0.021091
v 0.27334 0.050462 0.021333
v 0.27572 0.049479 0.021109
v 0.27336 0.050432 0.02135
v 0.27574 0.049453 0.021128
v 0.28039 0.047413 0.020596
v 0.27338 0.050405 0.021371
v 0.27576 0.049431 0.021149
v 0.27341 0.050381 0.021395
v 0.27282 0.050596 0.02144
v 0.27275 0.050658 0.021405
v 0.27322 0.050619 0.021291
v 0.27558 0.04975 0.021008
v 0.27169 0.051949 0.021639
v 0.2727 0.051614 0.021225
v 0.28018 0.047748 0.020445
v 0.2848 0.045659 0.019854
v 0.28024 0.047632 0.020483
v 0.28941 0.043522 0.019208
v 0.27585 0.05094 0.020318
v 0.26969 0.051331 0.028017
v 0.27145 0.051095 0.022668
v 0.26989 0.050884 0.027491
v 0.26808 0.05065 0.03222
v 0.26992 0.050798 0.027486
v 0.27147 0.05101 0.022672
v 0.26811 0.050564 0.032207
v 0.26996 0.050722 0.027484
v 0.26998 0.050688 0.027485
v 0.2715 0.050934 0.022679
v 0.26815 0.050487 0.032197
v 0.26618 0.050206 0.036736
v 0.26818 0.050453 0.032194
v 0.2682 0.050421 0.032192
v 0.26621 0.050171 0.036728
v 0.26624 0.050138 0.036722
v 0.26421 0.049818 0.041012
v 0.26417 0.049854 0.041027
v 0.26425 0.049784 0.041
v 0.26379 0.04963 0.042143
v 0.26429 0.049753 0.040988
v 0.26384 0.049599 0.042129
v 0.26628 0.050109 0.036717
v 0.26433 0.049726 0.040979
v 0.26632 0.050084 0.036714
v 0.26388 0.049571 0.042118
v 0.26393 0.049547 0.042107
v 0.26411 0.049935 0.041059
v 0.26349 0.050025 0.042351
v 0.26613 0.050285 0.036756
v 0.26609 0.050372 0.036779
v 0.26721 0.051126 0.034119
v 0.26375 0.049454 0.042667
v 0.26366 0.048534 0.045835
v 0.26136 0.051852 0.044782
v 0.26085 0.055823 0.042392
v 0.26298 0.055597 0.039097
v 0.26325 0.055962 0.038293
v 0.26318 0.056033 0.038304
v 0.26295 0.056344 0.038126
v 0.26579 0.056238 0.03308
v 0.26796 0.056436 0.027789
v 0.26584 0.056169 0.033078
v 0.26593 0.056321 0.032609
v 0.26466 0.056416 0.034948
v 0.26429 0.056448 0.03553
v 0.26352 0.058208 0.033367
v 0.26457 0.056428 0.03486
v 0.26291 0.056298 0.0381
v 0.26411 0.057151 0.03422
v 0.26301 0.058926 0.032699
v 0.263 0.058943 0.032685
v 0.26058 0.06042 0.0346
v 0.26001 0.061502 0.03374
v 0.2615 0.061507 0.030605
v 0.26033 0.061546 0.03322
v 0.26155 0.061551 0.030626
v 0.26007 0.061597 0.033743
v 0.26305 0.060179 0.030158
v 0.2604 0.0635 0.028988
v 0.26508 0.062884 0.013859
v 0.26266 0.063979 0.014099
v 0.26164 0.064077 0.014505
v 0.25333 0.056538 0.014135
v 0.24998 0.0499 0.013769
v 0.25147 0.046372 0.0094533
v 0.25428 0.052946 0.011303
v 0.25613 0.060434 0.013914
v 0.26176 0.058984 0.011112
v 0.26568 0.060865 0.011945
v 0.26826 0.057483 0.0081281
v 0.27172 0.055252 0.005325
v 0.26894 0.05979 0.01243
v 0.26535 0.062835 0.014996
v 0.26501 0.061565 0.021216
v 0.26402 0.061568 0.024352
v 0.26403 0.061561 0.024298
v 0.26568 0.059097 0.026358
v 0.26397 0.061516 0.024336
v 0.26455 0.060643 0.025033
v 0.26496 0.061521 0.021202
v 0.26671 0.059121 0.023157
v 0.26503 0.061536 0.021239
v 0.26675 0.059828 0.021076
v 0.26676 0.059155 0.023181
v 0.26672 0.05911 0.023166
v 0.26744 0.058257 0.023941
v 0.26779 0.058471 0.022205
v 0.2675 0.05885 0.021886
v 0.26746 0.058804 0.021873
v 0.26591 0.060838 0.020208
v 0.26904 0.056823 0.023571
v 0.27012 0.056939 0.019781
v 0.26843 0.058518 0.019978
v 0.26909 0.056865 0.023595
v 0.26992 0.056615 0.021898
v 0.26976 0.05663 0.022357
v 0.26801 0.056368 0.027794
v 0.2688 0.056127 0.026149
v 0.27045 0.056345 0.020862
v 0.2707 0.054828 0.021339
v 0.26711 0.055233 0.031097
v 0.26595 0.056019 0.033066
v 0.26337 0.055809 0.038262
v 0.26892 0.056657 0.024736
v 0.26801 0.056766 0.026762
v 0.2674 0.056712 0.028419
v 0.26716 0.056429 0.029694
v 0.26559 0.058327 0.028573
v 0.26676 0.056653 0.030031
v 0.26565 0.056559 0.032644
v 0.26672 0.056608 0.030013
v 0.26533 0.05649 0.033243
v 0.26625 0.057265 0.029434
v 0.26504 0.059021 0.02793
v 0.26509 0.059066 0.027948
v 0.26503 0.059035 0.027918
v 0.26341 0.061514 0.025903
v 0.26218 0.06151 0.029038
v 0.26346 0.061558 0.025921
v 0.26293 0.061556 0.02731
v 0.26445 0.060019 0.027158
v 0.26619 0.058372 0.026971
v 0.2662 0.058364 0.026977
v 0.26736 0.056664 0.028401
v 0.26564 0.059052 0.026341
v 0.26851 0.056771 0.02518
v 0.26805 0.057361 0.024661
v 0.26855 0.056817 0.025195
v 0.26563 0.059065 0.02633
v 0.26223 0.061562 0.02906
v 0.26276 0.060534 0.029815
v 0.26372 0.058974 0.031095
v 0.26373 0.058958 0.031109
v 0.26377 0.059003 0.031129
v 0.26425 0.058249 0.031768
v 0.26536 0.05653 0.033258
v 0.26306 0.058961 0.032728
v 0.27145 0.055435 0.020165
v 0.27292 0.053283 0.020321
v 0.27378 0.053594 0.01976
v 0.27367 0.053888 0.019679
v 0.27353 0.05417 0.019578
v 0.27834 0.050648 0.019136
v 0.2782 0.050853 0.019037
v 0.283 0.047848 0.018425
v 0.27813 0.050945 0.018982
v 0.27344 0.054294 0.019516
v 0.28294 0.047914 0.018373
v 0.28334 0.047667 0.018211
v 0.27881 0.050505 0.018851
v 0.27029 0.056821 0.020056
v 0.27832 0.050471 0.019266
v 0.28309 0.047527 0.018777
v 0.26595 0.060883 0.020221
v 0.27528 0.053304 0.018196
v 0.27726 0.052796 0.0060782
v 0.28516 0.047442 0.00074615
v 0.2864 0.045466 -0.013358
v 0.2789 0.050558 -0.00059173
v 0.26541 0.05549 0.0062592
v 0.26812 0.051076 -0.0008157
v 0.2788 0.048598 -0.0086264
v 0.2797 0.046808 -0.016803
v 0.2726 0.048661 -0.0080002
v 0.25918 0.039365 -0.018839
v 0.2552 0.041045 -0.0059018
v 0.25132 0.034122 -0.014664
v 0.24784 0.033991 -0.0011051
v 0.24806 0.030067 -0.016665
v 0.24763 0.025898 -0.031484
v 0.25523 0.036609 -0.019196
v 0.27311 0.044932 -0.021279
v 0.27823 0.04393 -0.035731
v 0.28124 0.045294 -0.026553
v 0.29001 0.044724 -0.03258
v 0.30461 0.041326 -0.028674
v 0.31463 0.03534 -0.025982
v 0.3257 0.022855 -0.023012
v 0.32961 0.014211 -0.021965
v 0.32985 0.013353 -0.01797
v 0.32985 0.013353 -0.021903
v 0.32986 0.013275 -0.021901
v 0.32986 0.013275 -0.01797
v 0.32985 0.013197 -0.021903
v 0.32985 0.013197 -0.01797
v 0.32985 0.013158 -0.021905
v 0.32984 0.013121 -0.021908
v 0.32984 0.013121 -0.01797
v 0.32981 0.013048 -0.021916
v 0.32976 0.012982 -0.021927
v 0.32981 0.013049 -0.01797
v 0.32981 0.013049 -0.013906
v 0.32976 0.012982 -0.01797
v 0.32976 0.012982 -0.013906
v 0.32971 0.012923 -0.01797
v 0.32965 0.012872 -0.01797
v 0.32971 0.012923 -0.013906
v 0.32971 0.012922 -0.021941
v 0.32965 0.012872 -0.021957
v 0.32959 0.012831 -0.021974
v 0.32959 0.012831 -0.01797
v 0.32952 0.012801 -0.021994
v 0.32952 0.012801 -0.01797
v 0.32944 0.012783 -0.022014
v 0.32944 0.012783 -0.01797
v 0.32936 0.012777 -0.022035
v 0.32806 0.012777 -0.022383
v 0.32936 0.012777 -0.01797
v 0.32936 0.012777 -0.013906
v 0.32936 0.012777 -0.009841
v 0.32944 0.012783 -0.013906
v 0.32944 0.012783 -0.009841
v 0.32952 0.012801 -0.013906
v 0.32959 0.012831 -0.013906
v 0.32952 0.012801 -0.009841
v 0.32952 0.012801 -0.005776
v 0.32959 0.012831 -0.009841
v 0.32965 0.012872 -0.009841
v 0.32959 0.012831 -0.005776
v 0.32959 0.012831 -0.001712
v 0.32965 0.012872 -0.005776
v 0.32971 0.012923 -0.005776
v 0.32965 0.012872 -0.001712
v 0.32965 0.012872 0.002353
v 0.32971 0.012923 -0.001712
v 0.32976 0.012982 -0.001712
v 0.32971 0.012923 0.002353
v 0.32971 0.012923 0.006418
v 0.32976 0.012982 0.002353
v 0.32981 0.013049 0.002353
v 0.32976 0.012982 0.006418
v 0.32981 0.013049 0.006418
v 0.32976 0.012982 0.010482
v 0.32981 0.013049 0.010482
v 0.32976 0.012982 0.014547
v 0.32971 0.012923 0.010482
v 0.32971 0.012923 0.014547
v 0.32965 0.012872 0.010482
v 0.32965 0.012872 0.006418
v 0.32965 0.012872 0.014547
v 0.32959 0.012831 0.010482
v 0.32959 0.012831 0.006418
v 0.32952 0.012801 0.006418
v 0.32959 0.012831 0.002353
v 0.32952 0.012801 0.002353
v 0.32952 0.012801 -0.001712
v 0.32944 0.012783 0.002353
v 0.32944 0.012783 0.006418
v 0.32944 0.012783 -0.001712
v 0.32936 0.012777 0.002353
v 0.32936 0.012777 0.006418
v 0.32936 0.012777 -0.001712
v 0.32936 0.012777 -0.005776
v 0.32944 0.012783 -0.005776
v 0.32965 0.012872 0.018612
v 0.32971 0.012923 0.018612
v 0.32976 0.012982 0.018612
v 0.32971 0.012923 0.022677
v 0.32976 0.012982 0.022677
v 0.32976 0.012982 0.026741
v 0.32981 0.013049 0.014547
v 0.32984 0.013121 0.010482
v 0.32984 0.013121 0.006418
v 0.32984 0.013121 0.002353
v 0.32985 0.013197 0.002353
v 0.32984 0.013121 -0.001712
v 0.32985 0.013197 -0.001712
v 0.32984 0.013121 -0.005776
v 0.32981 0.013049 -0.001712
v 0.32981 0.013049 -0.005776
v 0.32981 0.013049 -0.009841
v 0.32976 0.012982 -0.005776
v 0.32976 0.012982 -0.009841
v 0.32971 0.012923 -0.009841
v 0.32984 0.013121 -0.009841
v 0.32984 0.013121 -0.013906
v 0.32985 0.013197 -0.009841
v 0.32986 0.013275 -0.009841
v 0.32985 0.013197 -0.005776
v 0.32985 0.013197 -0.013906
v 0.32986 0.013275 -0.013906
v 0.3297 0.013984 -0.010286
v 0.32986 0.013275 -0.005776
v 0.32965 0.012872 -0.013906
v 0.32806 -0.013223 -0.022383
v 0.32806 0.012777 0.025
v 0.32806 0.012777 0.043
v 0.32806 -0.013223 0.025
v 0.32806 -0.013223 0.043
v 0.32936 -0.013223 0.043
v 0.32806 -0.013046 0.04514
v 0.32806 -0.012088 0.048204
v 0.32942 -0.013045 0.04514
v 0.32941 -0.013059 0.04506
v 0.32957 -0.012572 0.047062
v 0.32959 -0.012518 0.047221
v 0.32961 -0.012575 0.047058
v 0.32985 -0.011785 0.048947
v 0.32966 -0.012582 0.047056
v 0.32946 -0.013061 0.045058
v 0.32941 -0.013225 0.043
v 0.3295 -0.013067 0.045057
v 0.32945 -0.013231 0.043
v 0.32955 -0.013078 0.045056
v 0.3295 -0.013241 0.043
v 0.3297 -0.012593 0.047055
v 0.32959 -0.013093 0.045056
v 0.32954 -0.013256 0.043
v 0.32964 -0.013111 0.045057
v 0.32975 -0.012608 0.047056
v 0.32979 -0.012626 0.047058
v 0.32998 -0.011819 0.048946
v 0.32994 -0.011804 0.048944
v 0.33027 -0.010748 0.050681
v 0.33059 -0.009424 0.052224
v 0.33023 -0.010734 0.050678
v 0.33055 -0.009411 0.05222
v 0.33019 -0.010723 0.050677
v 0.33051 -0.0094 0.052218
v 0.3299 -0.011793 0.048945
v 0.33015 -0.010715 0.050679
v 0.33016 -0.010608 0.050831
v 0.32985 -0.011656 0.049187
v 0.32981 -0.011781 0.048951
v 0.32806 -0.008544 0.052829
v 0.33083 -0.007856 0.053531
v 0.33083 -0.0077939 0.053685
v 0.32806 -0.0044295 0.055254
v 0.32806 -0.0002225 0.055956
v 0.32806 0.003984 0.055254
v 0.33131 0.0040648 0.055283
v 0.33149 0.001815 0.055845
v 0.33107 0.0059475 0.054454
v 0.33142 0.003811 0.055385
v 0.33119 0.005697 0.054604
v 0.33091 0.007432 0.053541
v 0.33083 0.00741 0.053531
v 0.33059 0.008978 0.052224
v 0.33055 0.008965 0.05222
v 0.33063 0.008994 0.052231
v 0.33027 0.010303 0.050681
v 0.33031 0.01032 0.050686
v 0.33023 0.010288 0.050678
v 0.32998 0.011373 0.048945
v 0.33002 0.011391 0.048949
v 0.32994 0.011358 0.048944
v 0.32975 0.012162 0.047056
v 0.32959 0.012647 0.045056
v 0.32979 0.012181 0.047058
v 0.3297 0.012147 0.047055
v 0.32955 0.012632 0.045056
v 0.32966 0.012136 0.047056
v 0.32961 0.012129 0.047058
v 0.3295 0.012622 0.045056
v 0.3299 0.011347 0.048944
v 0.33019 0.010277 0.050677
v 0.32985 0.011339 0.048947
v 0.32983 0.011081 0.049449
v 0.33029 0.0092265 0.052044
v 0.32806 0.010623 0.050086
v 0.33051 0.008954 0.052218
v 0.32806 0.0077345 0.053224
v 0.32806 0.012073 0.047221
v 0.32959 0.012073 0.047221
v 0.32806 0.0126 0.04514
v 0.32942 0.0126 0.04514
v 0.32957 0.012126 0.047062
v 0.32941 0.012613 0.045059
v 0.32936 0.012777 0.043
v 0.32946 0.012615 0.045058
v 0.32941 0.012779 0.043
v 0.32944 0.012783 0.043
v 0.32945 0.012785 0.043
v 0.3295 0.012796 0.043
v 0.32954 0.01281 0.043
v 0.32958 0.012829 0.043
v 0.33006 0.011413 0.048954
v 0.3301 0.011437 0.048961
v 0.33035 0.01034 0.050693
v 0.33039 0.010362 0.050703
v 0.33067 0.009012 0.052241
v 0.33151 0.0010264 0.055998
v 0.32958 -0.013275 0.043
v 0.32968 -0.013134 0.045059
v 0.32962 -0.013298 0.043
v 0.32972 -0.013161 0.045061
v 0.32975 -0.013191 0.045064
v 0.32966 -0.013325 0.043
v 0.3297 -0.013356 0.043
v 0.32965 -0.013318 0.043
v 0.32965 -0.013318 0.038935
v 0.32971 -0.013369 0.038935
v 0.32965 -0.013318 0.034871
v 0.32959 -0.013277 0.038935
v 0.32959 -0.013277 0.043
v 0.32952 -0.013247 0.038935
v 0.32959 -0.013277 0.034871
v 0.32952 -0.013247 0.034871
v 0.32959 -0.013277 0.030806
v 0.32965 -0.013318 0.030806
v 0.32959 -0.013277 0.026741
v 0.32952 -0.013247 0.030806
v 0.32952 -0.013247 0.026741
v 0.32944 -0.013229 0.030806
v 0.32936 -0.013223 0.030806
v 0.32944 -0.013229 0.026741
v 0.32944 -0.013229 0.034871
v 0.32944 -0.013229 0.038935
v 0.32936 -0.013223 0.034871
v 0.32936 -0.013223 0.038935
v 0.32944 -0.013229 0.043
v 0.32944 -0.013229 0.022677
v 0.32936 -0.013223 0.026741
v 0.32936 -0.013223 0.022677
v 0.32936 -0.013223 0.018612
v 0.32936 -0.013223 0.014547
v 0.32944 -0.013229 0.018612
v 0.32944 -0.013229 0.014547
v 0.32952 -0.013247 0.018612
v 0.32952 -0.013247 0.014547
v 0.32952 -0.013247 0.022677
v 0.32959 -0.013277 0.018612
v 0.32965 -0.013318 0.018612
v 0.32959 -0.013277 0.014547
v 0.32959 -0.013277 0.022677
v 0.32965 -0.013318 0.022677
v 0.32971 -0.013369 0.022677
v 0.32965 -0.013318 0.026741
v 0.32971 -0.013369 0.026741
v 0.32971 -0.013369 0.030806
v 0.32976 -0.013428 0.026741
v 0.32981 -0.013494 0.026741
v 0.32976 -0.013428 0.030806
v 0.32976 -0.013428 0.022677
v 0.32981 -0.013494 0.022677
v 0.32976 -0.013428 0.018612
v 0.32981 -0.013494 0.018612
v 0.32976 -0.013428 0.014547
v 0.32971 -0.013369 0.018612
v 0.32971 -0.013369 0.014547
v 0.32971 -0.013369 0.010482
v 0.32965 -0.013318 0.014547
v 0.32965 -0.013318 0.010482
v 0.32965 -0.013318 0.006418
v 0.32959 -0.013277 0.010482
v 0.32959 -0.013277 0.006418
v 0.32952 -0.013247 0.010482
v 0.32952 -0.013247 0.006418
v 0.32944 -0.013229 0.010482
v 0.32944 -0.013229 0.006418
v 0.32936 -0.013223 0.010482
v 0.32936 -0.013223 0.006418
v 0.32936 -0.013223 0.002353
v 0.32944 -0.013229 0.002353
v 0.32936 -0.013223 -0.001712
v 0.32944 -0.013229 -0.001712
v 0.32936 -0.013223 -0.005776
v 0.32936 -0.013223 -0.009841
v 0.32944 -0.013229 -0.005776
v 0.32952 -0.013247 -0.005776
v 0.32944 -0.013229 -0.009841
v 0.32952 -0.013247 -0.009841
v 0.32944 -0.013229 -0.013906
v 0.32944 -0.013229 -0.01797
v 0.32936 -0.013223 -0.013906
v 0.32952 -0.013247 -0.013906
v 0.32959 -0.013277 -0.013906
v 0.32952 -0.013247 -0.01797
v 0.32952 -0.013247 -0.021994
v 0.32959 -0.013277 -0.01797
v 0.32959 -0.013277 -0.021974
v 0.32965 -0.013318 -0.01797
v 0.32971 -0.013369 -0.01797
v 0.32965 -0.013318 -0.013906
v 0.32965 -0.013318 -0.021957
v 0.32971 -0.013369 -0.021941
v 0.32976 -0.013428 -0.021927
v 0.32981 -0.013494 -0.021916
v 0.32976 -0.013428 -0.01797
v 0.32981 -0.013494 -0.01797
v 0.32976 -0.013428 -0.013906
v 0.32971 -0.013369 -0.013906
v 0.32976 -0.013428 -0.009841
v 0.32981 -0.013494 -0.013906
v 0.32981 -0.013494 -0.009841
v 0.32984 -0.013567 -0.013906
v 0.32984 -0.013567 -0.01797
v 0.32985 -0.013643 -0.013906
v 0.32984 -0.013567 -0.009841
v 0.32985 -0.013643 -0.009841
v 0.32984 -0.013567 -0.005776
v 0.32985 -0.013643 -0.005776
v 0.32981 -0.013494 -0.005776
v 0.32984 -0.013567 -0.001712
v 0.32985 -0.013643 -0.001712
v 0.32984 -0.013567 0.002353
v 0.32981 -0.013494 -0.001712
v 0.32981 -0.013494 0.002353
v 0.32976 -0.013428 -0.001712
v 0.32971 -0.013369 -0.001712
v 0.32976 -0.013428 0.002353
v 0.32976 -0.013428 -0.005776
v 0.32971 -0.013369 -0.005776
v 0.32971 -0.013369 -0.009841
v 0.32965 -0.013318 -0.005776
v 0.32959 -0.013277 -0.005776
v 0.32965 -0.013318 -0.009841
v 0.32965 -0.013318 -0.001712
v 0.32965 -0.013318 0.002353
v 0.32959 -0.013277 -0.001712
v 0.32952 -0.013247 -0.001712
v 0.32959 -0.013277 0.002353
v 0.32952 -0.013247 0.002353
v 0.32971 -0.013369 0.002353
v 0.32971 -0.013369 0.006418
v 0.32976 -0.013428 0.006418
v 0.32976 -0.013428 0.010482
v 0.32981 -0.013494 0.006418
v 0.32981 -0.013494 0.010482
v 0.32984 -0.013567 0.006418
v 0.32984 -0.013567 0.010482
v 0.32985 -0.013643 0.006418
v 0.32986 -0.01372 0.006418
v 0.32985 -0.013643 0.002353
v 0.32985 -0.013643 0.010482
v 0.32986 -0.01372 0.010482
v 0.32985 -0.013643 0.014547
v 0.32986 -0.01372 0.014547
v 0.32985 -0.013643 0.018612
v 0.32984 -0.013567 0.014547
v 0.32981 -0.013494 0.014547
v 0.32984 -0.013567 0.018612
v 0.32984 -0.013567 0.022677
v 0.32985 -0.013643 0.022677
v 0.32984 -0.013567 0.026741
v 0.32984 -0.013567 0.030806
v 0.32985 -0.013643 0.026741
v 0.32986 -0.01372 0.026741
v 0.32985 -0.013643 0.030806
v 0.32986 -0.01372 0.030806
v 0.32985 -0.013643 0.034871
v 0.32985 -0.013643 0.038935
v 0.32984 -0.013567 0.034871
v 0.32986 -0.01372 0.034871
v 0.32985 -0.013798 0.034871
v 0.32986 -0.01372 0.038935
v 0.32985 -0.013798 0.038935
v 0.32986 -0.013721 0.043
v 0.32986 -0.01374 0.043
v 0.32986 -0.013693 0.043
v 0.32985 -0.013647 0.043
v 0.32991 -0.013523 0.045109
v 0.32991 -0.013478 0.045102
v 0.33007 -0.013021 0.04716
v 0.32991 -0.01357 0.045117
v 0.33007 -0.013065 0.047174
v 0.32991 -0.013615 0.045124
v 0.33007 -0.013108 0.047189
v 0.32986 -0.013786 0.043
v 0.3299 -0.01366 0.045131
v 0.32985 -0.013832 0.043
v 0.32989 -0.013702 0.045139
v 0.33006 -0.013151 0.047204
v 0.3303 -0.012323 0.049159
v 0.33005 -0.013191 0.047218
v 0.33013 -0.012905 0.047996
v 0.3298 -0.014006 0.049038
v 0.31349 -0.016733 0.056917
v 0.28328 -0.022978 0.066362
v 0.282 -0.022616 0.06781
v 0.28092 -0.023011 0.067882
v 0.27627 -0.023838 0.069205
v 0.27483 -0.024151 0.069521
v 0.27177 -0.024718 0.070293
v 0.27644 -0.023904 0.069024
v 0.27176 -0.024779 0.070211
v 0.2731 -0.028025 0.064006
v 0.30584 -0.021202 0.053333
v 0.30141 -0.027178 0.050966
v 0.3032 -0.023793 0.052268
v 0.31987 -0.018671 0.046527
v 0.32146 -0.020259 0.037504
v 0.32602 -0.016259 0.044801
v 0.32939 -0.015164 0.044506
v 0.32984 -0.013875 0.042995
v 0.32945 -0.015143 0.034395
v 0.3239 -0.019916 0.028595
v 0.27183 -0.044144 0.049213
v 0.26669 -0.046689 0.047528
v 0.26644 -0.049653 0.040031
v 0.2636 -0.049779 0.043252
v 0.26397 -0.050018 0.041973
v 0.26436 -0.050154 0.040976
v 0.26387 -0.050023 0.042123
v 0.26382 -0.050052 0.042136
v 0.26432 -0.050179 0.040984
v 0.26427 -0.050207 0.040994
v 0.2663 -0.050536 0.036718
v 0.26634 -0.050513 0.036716
v 0.26627 -0.050562 0.036721
v 0.26826 -0.05082 0.032196
v 0.26822 -0.050846 0.032195
v 0.27005 -0.051058 0.027496
v 0.27214 -0.050979 0.023897
v 0.28426 -0.044917 0.026293
v 0.28896 -0.043178 0.023777
v 0.28887 -0.039834 0.036867
v 0.26336 -0.04933 0.04502
v 0.30224 -0.036094 0.024833
v 0.30744 -0.034173 0.019476
v 0.30743 -0.034832 0.016186
v 0.30303 -0.037266 0.017041
v 0.29865 -0.039492 0.017934
v 0.29858 -0.039528 0.017928
v 0.2943 -0.041589 0.018682
v 0.29412 -0.041674 0.018711
v 0.29356 -0.041086 0.02287
v 0.28986 -0.043656 0.019363
v 0.29408 -0.041706 0.01866
v 0.28955 -0.043816 0.01935
v 0.29405 -0.041739 0.018609
v 0.29856 -0.039551 0.017876
v 0.29398 -0.041812 0.01851
v 0.2895 -0.043865 0.019301
v 0.2894 -0.043972 0.019206
v 0.28491 -0.045955 0.019941
v 0.28952 -0.04384 0.019325
v 0.28494 -0.04592 0.019965
v 0.28497 -0.045888 0.01999
v 0.28033 -0.047928 0.020549
v 0.27567 -0.049991 0.021072
v 0.28029 -0.047977 0.020524
v 0.28036 -0.047885 0.020577
v 0.27571 -0.049933 0.021104
v 0.28038 -0.047865 0.020592
v 0.27573 -0.049907 0.021123
v 0.2804 -0.047847 0.020608
v 0.28043 -0.04783 0.020626
v 0.27575 -0.049883 0.021143
v 0.28501 -0.045859 0.020017
v 0.28957 -0.043795 0.019375
v 0.28504 -0.045834 0.020046
v 0.28093 -0.047609 0.020584
v 0.28541 -0.045672 0.019996
v 0.2896 -0.043775 0.019401
v 0.27578 -0.049863 0.021166
v 0.27286 -0.051026 0.021427
v 0.27342 -0.050812 0.021414
v 0.2734 -0.050834 0.021388
v 0.27338 -0.050858 0.021365
v 0.27216 -0.051283 0.021515
v 0.27335 -0.050886 0.021345
v 0.27333 -0.050918 0.021328
v 0.27332 -0.050952 0.021314
v 0.27569 -0.049961 0.021087
v 0.27949 -0.048527 0.020526
v 0.27557 -0.050206 0.021006
v 0.2848 -0.04611 0.019852
v 0.28023 -0.048085 0.020481
v 0.27493 -0.050871 0.020975
v 0.27864 -0.049849 0.019981
v 0.28457 -0.046402 0.019672
v 0.28407 -0.046904 0.019401
v 0.28921 -0.044175 0.019018
v 0.29384 -0.04195 0.018314
v 0.28901 -0.04438 0.018821
v 0.28881 -0.044584 0.018624
v 0.2937 -0.042091 0.018111
v 0.29355 -0.042232 0.017907
v 0.29837 -0.03978 0.017353
v 0.29829 -0.039872 0.01714
v 0.30299 -0.037388 0.016559
v 0.29845 -0.039687 0.017566
v 0.29852 -0.039597 0.017771
v 0.303 -0.037335 0.016784
v 0.30753 -0.034854 0.015746
v 0.30758 -0.034866 0.015509
v 0.30297 -0.03744 0.016335
v 0.30763 -0.034877 0.015272
v 0.30296 -0.037492 0.01611
v 0.30768 -0.034888 0.015034
v 0.30294 -0.037543 0.015885
v 0.30774 -0.034899 0.014798
v 0.30293 -0.037594 0.015661
v 0.30779 -0.03491 0.014567
v 0.30417 -0.037072 0.014845
v 0.29299 -0.042792 0.017097
v 0.29805 -0.040147 0.016501
v 0.29313 -0.042652 0.017295
v 0.29812 -0.040055 0.016714
v 0.29327 -0.042513 0.017499
v 0.2982 -0.039964 0.016927
v 0.29341 -0.042372 0.017703
v 0.28862 -0.044788 0.018427
v 0.28842 -0.044992 0.018229
v 0.28384 -0.047273 0.019092
v 0.28359 -0.047562 0.018899
v 0.27216 -0.05267 0.02126
v 0.27175 -0.051354 0.021941
v 0.26857 -0.052067 0.030626
v 0.27158 -0.052216 0.021944
v 0.26638 -0.052361 0.035379
v 0.26342 -0.050736 0.042313
v 0.2641 -0.050392 0.041067
v 0.26355 -0.050143 0.042482
v 0.26378 -0.050084 0.042149
v 0.26416 -0.05031 0.041034
v 0.26618 -0.050662 0.036741
v 0.2642 -0.050273 0.041019
v 0.26423 -0.050238 0.041006
v 0.2662 -0.050626 0.036733
v 0.26623 -0.050592 0.036726
v 0.26817 -0.050907 0.032198
v 0.26814 -0.050942 0.032201
v 0.26997 -0.051142 0.027487
v 0.26819 -0.050875 0.032196
v 0.27 -0.051111 0.027489
v 0.27154 -0.051324 0.022691
v 0.27002 -0.051083 0.027492
v 0.27157 -0.051296 0.022698
v 0.2716 -0.051272 0.022706
v 0.27152 -0.051355 0.022685
v 0.2715 -0.051389 0.022681
v 0.27147 -0.051466 0.022674
v 0.26992 -0.051254 0.027489
v 0.27144 -0.051552 0.02267
v 0.26989 -0.051341 0.027494
v 0.26807 -0.051107 0.032225
v 0.26918 -0.051591 0.029384
v 0.26811 -0.05102 0.032211
v 0.26613 -0.050741 0.036761
v 0.26995 -0.051177 0.027487
v 0.26013 -0.053098 0.046123
v 0.25645 -0.055704 0.049077
v 0.25676 -0.056284 0.047961
v 0.25373 -0.056081 0.051697
v 0.25529 -0.05664 0.049194
v 0.25545 -0.056226 0.049561
v 0.25468 -0.058204 0.047834
v 0.25443 -0.058865 0.047273
v 0.25613 -0.057701 0.046701
v 0.25425 -0.05935 0.046865
v 0.25589 -0.058263 0.046217
v 0.25555 -0.059103 0.045505
v 0.25551 -0.059059 0.045474
v 0.25498 -0.060557 0.044305
v 0.25444 -0.061972 0.043179
v 0.25439 -0.06193 0.043147
v 0.25544 -0.061975 0.041717
v 0.25652 -0.06198 0.040044
v 0.25734 -0.060093 0.04155
v 0.25648 -0.061936 0.040011
v 0.2577 -0.059172 0.042249
v 0.25771 -0.059148 0.04227
v 0.25857 -0.057301 0.043855
v 0.2549 -0.060613 0.044194
v 0.2555 -0.059087 0.045451
v 0.25898 -0.056447 0.04461
v 0.25667 -0.056276 0.047885
v 0.25771 -0.056394 0.046549
v 0.25902 -0.056492 0.044638
v 0.25813 -0.058374 0.042992
v 0.25775 -0.059191 0.042299
v 0.25916 -0.058425 0.041383
v 0.25915 -0.058437 0.041374
v 0.26009 -0.056571 0.043006
v 0.26005 -0.056526 0.042979
v 0.26123 -0.056657 0.04115
v 0.26169 -0.056369 0.040937
v 0.26017 -0.056183 0.043483
v 0.26176 -0.056297 0.040919
v 0.26189 -0.056143 0.040874
v 0.26325 -0.056408 0.038296
v 0.26584 -0.056615 0.033082
v 0.26318 -0.056479 0.038307
v 0.26337 -0.056255 0.038265
v 0.26594 -0.056465 0.03307
v 0.26308 -0.055915 0.039046
v 0.26822 -0.056391 0.028125
v 0.27145 -0.056187 0.02004
v 0.28335 -0.047852 0.018706
v 0.27834 -0.051096 0.019136
v 0.2782 -0.051301 0.019037
v 0.27366 -0.054337 0.019679
v 0.28313 -0.04815 0.018523
v 0.28803 -0.045402 0.017842
v 0.283 -0.048295 0.018425
v 0.28793 -0.045504 0.017742
v 0.28294 -0.048361 0.018373
v 0.27812 -0.051392 0.018982
v 0.28788 -0.045552 0.017691
v 0.29156 -0.043597 0.017087
v 0.28589 -0.047497 0.013454
v 0.27852 -0.051484 0.017512
v 0.27235 -0.055551 0.019667
v 0.27352 -0.054617 0.019578
v 0.27023 -0.056907 0.021245
v 0.27029 -0.057338 0.019958
v 0.26991 -0.057403 0.020744
v 0.27012 -0.057385 0.019781
v 0.26843 -0.058964 0.019978
v 0.26595 -0.061329 0.020221
v 0.26971 -0.059578 0.011968
v 0.26452 -0.06388 0.014387
v 0.27404 -0.055672 0.0071609
v 0.2825 -0.049577 0.0030811
v 0.27834 -0.052449 0.011113
v 0.28945 -0.045693 -0.00033268
v 0.2711 -0.056593 0.0066295
v 0.26723 -0.060861 0.011857
v 0.26458 -0.060657 0.011391
v 0.25858 -0.063415 0.01458
v 0.26138 -0.064372 0.013966
v 0.25599 -0.060919 0.014452
v 0.25636 -0.054071 0.010398
v 0.25856 -0.062572 0.013441
v 0.25315 -0.056544 0.013882
v 0.2539 -0.061887 0.026871
v 0.26257 -0.064516 0.014662
v 0.25954 -0.064088 0.030549
v 0.26007 -0.062021 0.033773
v 0.25883 -0.061987 0.036111
v 0.25749 -0.061985 0.038473
v 0.25876 -0.059233 0.040699
v 0.25744 -0.061939 0.038443
v 0.25798 -0.060745 0.039391
v 0.2592 -0.061945 0.035308
v 0.26057 -0.059287 0.037461
v 0.25925 -0.061988 0.035333
v 0.25969 -0.061108 0.03603
v 0.26145 -0.059397 0.035866
v 0.26063 -0.05931 0.037504
v 0.26105 -0.058522 0.038171
v 0.26058 -0.059266 0.037479
v 0.26156 -0.057463 0.039025
v 0.26201 -0.056674 0.039724
v 0.25872 -0.059189 0.040671
v 0.26205 -0.056724 0.039749
v 0.26192 -0.058567 0.036569
v 0.26295 -0.05679 0.038129
v 0.26144 -0.059303 0.035884
v 0.26291 -0.056744 0.0381
v 0.26457 -0.056874 0.03486
v 0.26411 -0.057597 0.03422
v 0.26461 -0.05692 0.034881
v 0.26352 -0.058653 0.033367
v 0.26429 -0.056894 0.035531
v 0.26534 -0.056702 0.033961
v 0.26578 -0.056684 0.033084
v 0.26796 -0.056881 0.027792
v 0.26813 -0.056953 0.02719
v 0.26801 -0.056814 0.027797
v 0.26976 -0.057076 0.02236
v 0.26927 -0.057091 0.023743
v 0.2691 -0.057317 0.023598
v 0.26745 -0.058693 0.02395
v 0.26855 -0.057263 0.025195
v 0.26681 -0.05953 0.02324
v 0.26779 -0.058917 0.022205
v 0.26503 -0.061982 0.021239
v 0.26672 -0.059556 0.023166
v 0.26671 -0.059567 0.023157
v 0.26805 -0.057807 0.024661
v 0.26851 -0.057217 0.02518
v 0.26736 -0.05711 0.028401
v 0.2674 -0.057155 0.028418
v 0.2662 -0.05881 0.026977
v 0.26801 -0.057211 0.026762
v 0.26559 -0.058773 0.028573
v 0.26619 -0.058817 0.026972
v 0.26568 -0.059543 0.026358
v 0.26445 -0.060465 0.027159
v 0.26509 -0.059512 0.027948
v 0.26504 -0.059467 0.02793
v 0.26625 -0.05771 0.029434
v 0.26503 -0.059481 0.027918
v 0.26341 -0.06196 0.025903
v 0.26218 -0.061955 0.029038
v 0.26276 -0.06098 0.029815
v 0.26372 -0.05942 0.031095
v 0.26373 -0.059404 0.031109
v 0.26533 -0.056936 0.033243
v 0.26377 -0.059449 0.031129
v 0.26425 -0.058694 0.031768
v 0.26305 -0.060624 0.030158
v 0.26223 -0.062005 0.029063
v 0.26536 -0.056971 0.033254
v 0.26565 -0.057005 0.032644
v 0.26676 -0.057099 0.030031
v 0.26672 -0.057053 0.030013
v 0.26716 -0.056875 0.029694
v 0.26306 -0.059409 0.032726
v 0.26301 -0.059372 0.032699
v 0.26155 -0.061996 0.030626
v 0.2615 -0.061953 0.030605
v 0.26033 -0.061992 0.03322
v 0.26001 -0.061948 0.03374
v 0.26058 -0.060866 0.0346
v 0.263 -0.059389 0.032685
v 0.26293 -0.062002 0.02731
v 0.26346 -0.062005 0.025921
v 0.26403 -0.062007 0.024298
v 0.26402 -0.062013 0.024352
v 0.26501 -0.062011 0.021216
v 0.26496 -0.061967 0.021202
v 0.26397 -0.061962 0.024336
v 0.26455 -0.061089 0.025033
v 0.26563 -0.05951 0.02633
v 0.26364 -0.063151 0.022249
v 0.26675 -0.060274 0.021076
v 0.2675 -0.059296 0.021886
v 0.26746 -0.05925 0.021873
v 0.26904 -0.057269 0.023571
v 0.26591 -0.061284 0.020208
v 0.25739 -0.064623 0.031055
v 0.25585 -0.063965 0.028955
v 0.25082 -0.058413 0.027282
v 0.24233 -0.049112 0.033634
v 0.24297 -0.060309 0.044457
v 0.23622 -0.048827 0.042951
v 0.22933 -0.049587 0.051447
v 0.22635 -0.038284 0.047649
v 0.22992 -0.038467 0.043775
v 0.20619 -0.03937 0.060279
v 0.20735 -0.010794 0.059659
v 0.20321 -0.043524 0.065538
v 0.21067 -0.044325 0.062815
v 0.22097 -0.045978 0.057296
v 0.19912 -0.045922 0.070523
v 0.19607 -0.039856 0.063322
v 0.17999 -0.041879 0.065558
v 0.16661 -0.017735 0.064991
v 0.16014 -0.01832 0.063801
v 0.14762 -0.056215 0.059495
v 0.14099 -0.06298 0.055587
v 0.12941 -0.081478 0.04442
v 0.13072 -0.078621 0.045965
v 0.1286 -0.08315 0.042942
v 0.12882 -0.073096 0.043381
v 0.1266 -0.072511 0.043492
v 0.12867 -0.079654 0.046159
v 0.12663 -0.071328 0.053593
v 0.1266 -0.063285 0.062321
v 0.13584 -0.057416 0.06919
v 0.13662 -0.051808 0.079361
v 0.13934 -0.059245 0.065909
v 0.13932 -0.066874 0.057377
v 0.14373 -0.062087 0.061906
v 0.14165 -0.064473 0.059495
v 0.14428 -0.06204 0.061736
v 0.14704 -0.059801 0.063768
v 0.14425 -0.062075 0.061681
v 0.14422 -0.062105 0.061626
v 0.14701 -0.059833 0.063711
v 0.14698 -0.05986 0.063653
v 0.14995 -0.057728 0.065624
v 0.14992 -0.057752 0.065563
v 0.15307 -0.055774 0.067403
v 0.1531 -0.055744 0.067465
v 0.15639 -0.053954 0.069101
v 0.15315 -0.055668 0.067581
v 0.15644 -0.053878 0.069222
v 0.15642 -0.053919 0.069163
v 0.15989 -0.052263 0.070702
v 0.15987 -0.052305 0.070641
v 0.16348 -0.050832 0.072012
v 0.16721 -0.049593 0.073139
v 0.16346 -0.050875 0.071947
v 0.1635 -0.050783 0.072072
v 0.16722 -0.049542 0.073202
v 0.16049 -0.048584 0.075535
v 0.16448 -0.050387 0.072439
v 0.16125 -0.051611 0.07132
v 0.15219 -0.055999 0.067415
v 0.17596 -0.044657 0.07824
v 0.19121 -0.046279 0.075893
v 0.19034 -0.046396 0.075735
v 0.19034 -0.046439 0.07566
v 0.19033 -0.046474 0.075583
v 0.18706 -0.046465 0.075693
v 0.18706 -0.046428 0.075767
v 0.18706 -0.04647 0.075682
v 0.18299 -0.046717 0.075542
v 0.18706 -0.046494 0.075617
v 0.18706 -0.046504 0.075584
v 0.18706 -0.046514 0.075538
v 0.18298 -0.046749 0.075449
v 0.17893 -0.047186 0.075118
v 0.18298 -0.046768 0.075354
v 0.17893 -0.047204 0.075028
v 0.18706 -0.046523 0.075483
v 0.18705 -0.046525 0.075456
v 0.19032 -0.04652 0.075425
v 0.19033 -0.046501 0.075504
v 0.18819 -0.046476 0.075206
v 0.19157 -0.046628 0.075228
v 0.2139 -0.051214 0.070469
v 0.21503 -0.051547 0.06876
v 0.22549 -0.052993 0.059067
v 0.23384 -0.057919 0.052445
v 0.24754 -0.060294 0.03733
v 0.24092 -0.063135 0.050555
v 0.23606 -0.063116 0.055103
v 0.22798 -0.057399 0.061637
v 0.23124 -0.059918 0.061587
v 0.22227 -0.054625 0.067165
v 0.23392 -0.059831 0.062233
v 0.21129 -0.049557 0.072493
v 0.22648 -0.048044 0.068835
v 0.23632 -0.053411 0.06288
v 0.22249 -0.052787 0.068868
v 0.23862 -0.063888 0.058399
v 0.239 -0.062175 0.059188
v 0.2458 -0.041429 0.064921
v 0.23225 -0.04162 0.070041
v 0.23827 -0.037048 0.071153
v 0.23069 -0.031806 0.078028
v 0.22642 -0.03251 0.078573
v 0.21333 -0.04585 0.073463
v 0.20202 -0.047401 0.074668
v 0.20876 -0.040953 0.076891
v 0.20964 -0.036082 0.07943
v 0.20008 -0.036951 0.081004
v 0.20587 -0.035944 0.080615
v 0.20586 -0.035899 0.080666
v 0.21166 -0.034986 0.08011
v 0.20007 -0.036915 0.08105
v 0.19433 -0.037888 0.081417
v 0.20007 -0.036876 0.081091
v 0.19432 -0.037852 0.081449
v 0.20006 -0.036855 0.081108
v 0.20006 -0.036832 0.081122
v 0.20586 -0.035875 0.080687
v 0.19432 -0.037833 0.081462
v 0.18852 -0.038825 0.081759
v 0.19432 -0.037813 0.081473
v 0.19432 -0.037802 0.081477
v 0.18852 -0.038806 0.081767
v 0.18335 -0.039691 0.081983
v 0.18852 -0.038796 0.08177
v 0.18852 -0.038786 0.081772
v 0.18852 -0.038776 0.081774
v 0.18336 -0.039671 0.081986
v 0.19431 -0.037792 0.08148
v 0.20006 -0.036809 0.081132
v 0.19431 -0.037781 0.081482
v 0.19149 -0.038054 0.08166
v 0.18619 -0.039165 0.081876
v 0.18223 -0.03858 0.08205
v 0.17441 -0.040678 0.082278
v 0.17832 -0.040532 0.082154
v 0.17508 -0.041061 0.082243
v 0.17322 -0.041425 0.082284
v 0.16686 -0.042422 0.082407
v 0.14072 -0.049097 0.081474
v 0.13438 -0.049234 0.081577
v 0.1266 -0.047177 0.081271
v 0.14236 -0.031007 0.07625
v 0.15187 -0.044112 0.082434
v 0.16003 -0.03326 0.079458
v 0.12661 -0.034707 0.074364
v 0.12661 -0.024579 0.072923
v 0.14853 -0.0228 0.07639
v 0.12661 0.036936 0.075615
v 0.1266 0.044556 0.080151
v 0.1266 0.044602 0.080177
v 0.1266 0.044625 0.080189
v 0.1266 0.044627 0.08019
v 0.1266 0.044632 0.080193
v 0.1266 0.044643 0.0802
v 0.1266 0.044665 0.080212
v 0.1266 0.044842 0.080308
v 0.1266 0.045189 0.080485
v 0.13033 0.044845 0.080926
v 0.1266 0.046585 0.08105
v 0.13947 0.030811 0.075837
v 0.1437 0.042073 0.081331
v 0.15784 0.031076 0.078756
v 0.16933 0.023306 0.079029
v 0.15772 0.041142 0.082113
v 0.15053 0.045646 0.082338
v 0.13435 0.048944 0.081535
v 0.13705 0.046319 0.082147
v 0.1266 0.049774 0.080895
v 0.1266 0.052863 0.078953
v 0.1266 0.054636 0.076659
v 0.12661 0.060422 0.066316
v 0.14061 0.055705 0.06961
v 0.12661 0.067306 0.056919
v 0.13955 0.06368 0.060568
v 0.13651 0.067104 0.057347
v 0.13714 0.068932 0.055157
v 0.13723 0.068815 0.055262
v 0.13519 0.071463 0.052892
v 0.13513 0.071544 0.05282
v 0.13508 0.071647 0.052714
v 0.13711 0.068996 0.055077
v 0.13496 0.07181 0.052528
v 0.137 0.069145 0.054882
v 0.13309 0.074547 0.050119
v 0.13138 0.077348 0.047666
v 0.13332 0.074185 0.050468
v 0.13329 0.074226 0.050432
v 0.13274 0.073814 0.050828
v 0.1316 0.07697 0.048
v 0.12997 0.079811 0.045482
v 0.12855 0.079498 0.045888
v 0.13206 0.071705 0.053295
v 0.12659 0.082235 0.043484
v 0.1266 0.072065 0.043492
v 0.12859 0.072987 0.043023
v 0.1266 0.05945 0.049023
v 0.13286 0.061055 0.048403
v 0.1266 0.04337 0.050546
v 0.13358 0.034453 0.049181
v 0.1266 0.029685 0.047905
v 0.13023 0.023513 0.045169
v 0.13652 0.023602 0.052041
v 0.14135 0.021571 0.055663
v 0.14844 0.021068 0.05986
v 0.15519 0.019666 0.062473
v 0.16113 0.018323 0.064083
v 0.17686 0.015573 0.065653
v 0.1665 0.016833 0.064956
v 0.16635 0.014574 0.063348
v 0.16021 0.016629 0.063106
v 0.1499 0.018962 0.059571
v 0.13518 0.022079 0.0499
v 0.1266 0.020521 0.043487
v 0.13812 0.014923 0.039745
v 0.1286 0.020433 0.043458
v 0.1286 0.013626 0.038591
v 0.12861 0.0093729 0.034486
v 0.1536 0.011532 0.048099
v 0.15385 0.015012 0.057049
v 0.17126 0.011562 0.059193
v 0.16677 0.0093134 0.054631
v 0.1753 0.0067097 0.056752
v 0.15652 0.0090697 0.047263
v 0.14865 0.010942 0.041512
v 0.14638 0.0058097 0.035398
v 0.14419 0.0082562 0.034645
v 0.14305 -0.0097673 0.034586
v 0.14794 -0.0068232 0.036533
v 0.14403 -0.010555 0.035287
v 0.1286 -0.0097166 0.034537
v 0.1286 -0.020333 0.043206
v 0.1266 -0.020956 0.043484
v 0.1266 -0.028768 0.047331
v 0.13371 -0.035587 0.049314
v 0.1266 -0.045167 0.05074
v 0.13501 -0.045771 0.050604
v 0.13371 -0.058141 0.049309
v 0.1266 -0.06071 0.048764
v 0.13561 -0.069846 0.051219
v 0.13764 -0.040651 0.052962
v 0.14015 -0.023442 0.054983
v 0.1445 -0.020957 0.057179
v 0.1396 -0.021555 0.053469
v 0.1545 -0.020018 0.062237
v 0.19673 -0.01345 0.063193
v 0.18265 -0.014565 0.065267
v 0.17478 -0.014001 0.064268
v 0.16633 -0.015376 0.063908
v 0.15748 -0.011366 0.050089
v 0.16443 -0.011315 0.054698
v 0.17502 -0.01159 0.059789
v 0.19825 -0.011289 0.061936
v 0.19628 -0.007288 0.059626
v 0.20552 -0.0066251 0.05813
v 0.20911 0.0055028 0.057193
v 0.2152 0.0065184 0.054904
v 0.22281 -0.006221 0.050769
v 0.21546 -0.0098826 0.055884
v 0.18916 -0.014192 0.064621
v 0.17506 -0.016051 0.065578
v 0.14861 -0.022007 0.059936
v 0.23578 -0.038274 0.035621
v 0.24037 -0.037751 0.026737
v 0.18671 0.014657 0.065012
v 0.16358 0.046222 0.06453
v 0.17678 0.046829 0.073861
v 0.17237 0.043173 0.065576
v 0.19399 0.039731 0.063789
v 0.20035 0.0429 0.066567
v 0.20493 0.039041 0.060752
v 0.21526 0.045119 0.061079
v 0.2085 0.047966 0.068956
v 0.19929 0.046285 0.071683
v 0.21527 0.05079 0.067685
v 0.22183 0.053902 0.065403
v 0.21003 0.04956 0.071449
v 0.20879 0.048364 0.073248
v 0.22274 0.0541 0.067441
v 0.22755 0.057067 0.064081
v 0.24277 0.064031 0.051259
v 0.2406 0.06309 0.051439
v 0.23752 0.064188 0.057051
v 0.25587 0.064173 0.035486
v 0.26263 0.063769 0.020231
v 0.25665 0.064 0.030056
v 0.25684 0.063413 0.025319
v 0.2509 0.060421 0.031817
v 0.25508 0.061472 0.022354
v 0.24751 0.054282 0.029603
v 0.23834 0.037521 0.03096
v 0.24178 0.047995 0.033929
v 0.23468 0.037967 0.037323
v 0.2168 0.008856 0.055045
v 0.21165 0.0097919 0.057855
v 0.21551 0.038489 0.05591
v 0.22541 0.046339 0.053924
v 0.22163 0.050865 0.061483
v 0.22592 0.056201 0.063842
v 0.22944 0.05476 0.056194
v 0.23622 0.048397 0.042959
v 0.23005 0.038007 0.043652
v 0.22377 0.038205 0.050087
v 0.24438 0.060336 0.043027
v 0.24765 0.062688 0.042002
v 0.23647 0.06343 0.05568
v 0.23348 0.056567 0.051976
v 0.23262 0.060126 0.058225
v 0.25123 0.063644 0.038977
v 0.24215 0.037067 0.022296
v 0.2431 -0.037205 0.01946
v 0.24483 0.035968 0.013045
v 0.25076 0.040509 0.0030792
v 0.25681 0.046373 0.0015834
v 0.25829 0.051274 0.0062875
v 0.26257 0.046782 -0.004445
v 0.27601 0.051127 -0.0021488
v 0.24608 0.035477 0.008617
v 0.24798 0.051096 0.02359
v 0.24544 0.031585 -0.0033377
v 0.24476 -0.036335 0.013286
v 0.24581 0.034364 0.0053616
v 0.24579 -0.034838 0.0055015
v 0.24467 -0.030007 -0.0074674
v 0.24269 -0.025631 -0.013725
v 0.23742 0.0077297 -0.023908
v 0.2369 -0.0029583 -0.024629
v 0.23846 -0.013466 -0.022245
v 0.24057 -0.020442 -0.018475
v 0.25423 -0.042609 -0.0016451
v 0.25619 -0.047938 0.0039995
v 0.25124 -0.046299 0.0093312
v 0.26119 -0.059097 0.011162
v 0.26767 -0.056336 0.0062004
v 0.26238 -0.052156 0.0036485
v 0.26272 -0.046798 -0.0055748
v 0.27413 -0.051869 -0.0018752
v 0.26946 -0.050115 -0.0040223
v 0.27784 -0.04967 -0.0067172
v 0.27959 -0.050373 -0.0024978
v 0.28486 -0.046331 -0.013985
v 0.28181 -0.046377 -0.020357
v 0.27397 -0.047242 -0.014587
v 0.26497 -0.044571 -0.013915
v 0.26118 -0.040013 -0.024202
v 0.27015 -0.043975 -0.024419
v 0.28041 -0.045779 -0.026269
v 0.27534 -0.043925 -0.036507
v 0.29286 -0.045014 -0.03182
v 0.30206 -0.042596 -0.029336
v 0.30688 -0.040537 -0.028047
v 0.30356 -0.039295 -0.0079902
v 0.31842 -0.030607 -0.011132
v 0.32273 -0.027656 -0.023789
v 0.32625 -0.022132 -0.022808
v 0.32985 -0.013798 -0.005776
v 0.32985 -0.013798 -0.001712
v 0.32985 -0.013798 -0.009841
v 0.32986 -0.01372 -0.005776
v 0.32986 -0.01372 -0.009841
v 0.32986 -0.01372 -0.001712
v 0.32986 -0.01372 0.002353
v 0.32985 -0.013798 0.002353
v 0.32985 -0.013798 0.006418
v 0.32985 -0.013798 0.010482
v 0.32985 -0.013798 0.014547
v 0.32952 -0.014925 0.0045334
v 0.32945 -0.01511 0.019359
v 0.325 -0.02145 0.0049369
v 0.31 -0.034493 0.0089424
v 0.30785 -0.034917 0.014317
v 0.30184 -0.039165 0.010223
v 0.31101 -0.035403 -0.0084476
v 0.29477 -0.043142 -0.010242
v 0.29042 -0.044656 -0.021418
v 0.29687 -0.040813 0.01642
v 0.31688 -0.029371 0.0088462
v 0.32985 -0.013798 0.018612
v 0.32985 -0.013798 0.022677
v 0.32986 -0.01372 0.018612
v 0.32986 -0.01372 0.022677
v 0.32985 -0.013798 0.026741
v 0.32985 -0.013798 0.030806
v 0.32986 -0.01372 -0.013906
v 0.32985 -0.013798 -0.013906
v 0.32986 -0.01372 -0.01797
v 0.32986 -0.01372 -0.021901
v 0.32985 -0.013798 -0.01797
v 0.32985 -0.013643 -0.01797
v 0.32985 -0.013643 -0.021903
v 0.32984 -0.013567 -0.021908
v 0.32985 -0.013799 -0.021903
v 0.32962 -0.01464 -0.021964
v 0.32958 -0.014753 -0.011208
v 0.31404 -0.036216 -0.026141
v 0.32986 -0.01376 -0.021901
v 0.26076 -0.036819 -0.040417
v 0.25286 -0.030453 -0.042531
v 0.2565 -0.038899 -0.016173
v 0.24449 -0.021034 -0.033631
v 0.2474 -0.027188 -0.026966
v 0.24752 -0.023581 -0.043957
v 0.2419 -0.011697 -0.045467
v 0.24013 -0.0083786 -0.037058
v 0.24076 -0.00022288 -0.045718
v 0.24133 0.0071068 -0.045602
v 0.24378 0.020553 -0.029975
v 0.2388 0.014157 -0.021699
v 0.24187 0.023325 -0.015837
v 0.24392 0.027949 -0.010156
v 0.24564 -0.032852 -0.0010456
v 0.26433 0.038442 -0.03946
v 0.26554 0.042926 -0.018502
v 0.25599 0.032829 -0.041694
v 0.25126 0.028101 -0.042951
v 0.24305 0.013951 -0.045148
v 0.24674 0.021992 -0.044176
v 0.25138 -0.033961 -0.017269
v 0.24937 -0.04887 0.013731
v 0.24603 -0.038518 0.011722
v 0.24775 -0.051091 0.023534
v 0.25002 -0.037893 -0.00088217
v 0.24729 -0.035337 0.0037668
v 0.25904 0.063181 0.014273
v 0.25512 0.063678 0.039087
v 0.25213 0.063502 0.043962
v 0.25498 0.060112 0.044305
v 0.25152 0.061517 0.047069
v 0.22362 0.053381 0.068102
v 0.21753 0.046034 0.07216
v 0.23004 0.038801 0.072183
v 0.2293 0.046565 0.06826
v 0.23157 0.056846 0.064138
v 0.23887 0.062118 0.059088
v 0.24367 0.060971 0.055905
v 0.24736 0.059598 0.053775
v 0.24707 0.061503 0.052135
v 0.24535 0.061497 0.053865
v 0.24744 0.061463 0.051663
v 0.24819 0.061505 0.050931
v 0.24953 0.061556 0.049439
v 0.24948 0.061469 0.04942
v 0.25012 0.059016 0.051427
v 0.25012 0.058992 0.051446
v 0.25079 0.056567 0.053528
v 0.25016 0.059035 0.051484
v 0.25 0.059663 0.05096
v 0.25031 0.058481 0.051951
v 0.25134 0.057593 0.051882
v 0.25056 0.057555 0.052744
v 0.25083 0.05661 0.053565
v 0.24974 0.057513 0.053638
v 0.24803 0.05899 0.053739
v 0.24799 0.058948 0.0537
v 0.24531 0.061456 0.053822
v 0.25231 0.05678 0.05181
v 0.2518 0.058385 0.050435
v 0.25172 0.058462 0.0503
v 0.25171 0.058497 0.050271
v 0.25267 0.055531 0.052832
v 0.25271 0.055575 0.052867
v 0.25541 0.055736 0.049528
v 0.25545 0.055781 0.049561
v 0.25505 0.056655 0.048718
v 0.25124 0.060017 0.049014
v 0.25431 0.058595 0.047054
v 0.25326 0.061481 0.044715
v 0.25081 0.061473 0.047851
v 0.25331 0.061524 0.044749
v 0.25425 0.058904 0.046865
v 0.25445 0.058382 0.047305
v 0.25613 0.057256 0.046701
v 0.25589 0.057817 0.046217
v 0.25468 0.057758 0.047834
v 0.25529 0.056195 0.049194
v 0.25677 0.055697 0.048161
v 0.25373 0.055636 0.051697
v 0.2569 0.054581 0.049384
v 0.26123 0.056211 0.04115
v 0.26009 0.056125 0.043006
v 0.25916 0.05798 0.041383
v 0.26005 0.05608 0.042979
v 0.26201 0.056228 0.039724
v 0.25872 0.058743 0.040671
v 0.25876 0.058787 0.040699
v 0.25871 0.058766 0.040652
v 0.25798 0.060299 0.039391
v 0.25744 0.061494 0.038443
v 0.2592 0.061499 0.035308
v 0.25748 0.061536 0.03847
v 0.25883 0.061541 0.036111
v 0.25925 0.061542 0.035333
v 0.25969 0.060662 0.03603
v 0.26063 0.058864 0.037504
v 0.26105 0.058076 0.038172
v 0.26058 0.05882 0.037479
v 0.26156 0.057017 0.039025
v 0.26057 0.058841 0.037461
v 0.26192 0.058122 0.036569
v 0.26205 0.056282 0.039748
v 0.26145 0.05895 0.035867
v 0.26144 0.058857 0.035884
v 0.25915 0.057991 0.041373
v 0.25734 0.059648 0.04155
v 0.25652 0.061533 0.04004
v 0.25775 0.058745 0.042299
v 0.25813 0.057928 0.042992
v 0.25857 0.056855 0.043855
v 0.2577 0.058714 0.04226
v 0.25648 0.061491 0.040011
v 0.25439 0.061484 0.043147
v 0.25444 0.061526 0.043179
v 0.2549 0.060167 0.044194
v 0.2555 0.058642 0.045451
v 0.25551 0.058614 0.045474
v 0.25667 0.05583 0.047885
v 0.25555 0.058657 0.045506
v 0.25898 0.056001 0.04461
v 0.25904 0.056046 0.044656
v 0.25544 0.061529 0.041717
v 0.26123 0.050741 0.047677
v 0.26379 0.048139 0.049257
v 0.25947 0.050322 0.052772
v 0.27561 0.035534 0.056847
v 0.27465 0.032353 0.05889
v 0.27031 0.024571 0.070615
v 0.26911 0.025129 0.070345
v 0.26871 0.024765 0.071112
v 0.26872 0.024685 0.071177
v 0.26564 0.025321 0.071826
v 0.27178 0.024206 0.070368
v 0.27178 0.024131 0.070432
v 0.27483 0.023706 0.069521
v 0.27301 0.023807 0.070221
v 0.28239 0.014297 0.073139
v 0.28097 0.010689 0.074637
v 0.27029 0.0092988 0.077225
v 0.25874 0.00081406 0.079621
v 0.26037 -0.018424 0.077084
v 0.27539 -0.0016435 0.076935
v 0.29519 0.0020082 0.072443
v 0.28637 -0.0077728 0.074023
v 0.31376 0.0075918 0.065058
v 0.3142 0.012687 0.061259
v 0.32377 0.0031874 0.062051
v 0.33204 0.0013849 0.057984
v 0.31205 0.016623 0.057364
v 0.30705 0.012379 0.065183
v 0.29235 0.01788 0.067148
v 0.285 0.021635 0.066908
v 0.27949 0.022676 0.068466
v 0.29525 0.020204 0.062797
v 0.29741 0.019397 0.06279
v 0.29002 0.020798 0.065235
v 0.28698 0.021394 0.06615
v 0.28226 0.023083 0.065942
v 0.33013 0.01246 0.047996
v 0.33005 0.012745 0.047218
v 0.32989 0.013256 0.045139
v 0.3299 0.013214 0.045131
v 0.32984 0.013429 0.042995
v 0.32985 0.013386 0.043
v 0.32985 0.013353 0.043
v 0.32986 0.01334 0.043
v 0.32985 0.013353 0.038935
v 0.32985 0.013353 0.034871
v 0.32986 0.013275 0.038935
v 0.32943 0.014737 0.031488
v 0.32947 0.014639 0.021209
v 0.32219 0.02156 0.024503
v 0.32131 0.017656 0.045926
v 0.32489 0.017461 0.036827
v 0.32961 0.01418 0.047416
v 0.32517 0.015467 0.047044
v 0.3114 0.020444 0.04999
v 0.3038 0.029892 0.041418
v 0.30146 0.029746 0.044752
v 0.30097 0.033631 0.034534
v 0.3015 0.034469 0.030724
v 0.30135 0.034285 0.031205
v 0.30158 0.035172 0.027946
v 0.30134 0.035521 0.026601
v 0.30017 0.036948 0.023347
v 0.29709 0.038201 0.025024
v 0.29774 0.037896 0.025377
v 0.29809 0.037213 0.026882
v 0.29815 0.035994 0.031294
v 0.29691 0.034918 0.037368
v 0.29742 0.035034 0.035816
v 0.29613 0.034932 0.038188
v 0.29506 0.035281 0.039147
v 0.29409 0.03568 0.039122
v 0.29241 0.036743 0.038563
v 0.2923 0.036875 0.038706
v 0.29176 0.037594 0.037012
v 0.28935 0.037779 0.040082
v 0.29037 0.036901 0.041403
v 0.29041 0.036776 0.041362
v 0.29237 0.035491 0.042092
v 0.29597 0.033813 0.041531
v 0.28657 0.036799 0.04688
v 0.27409 0.038913 0.056101
v 0.30514 0.019824 0.055317
v 0.27929 0.0284 0.059901
v 0.29926 0.023359 0.054287
v 0.29982 0.027421 0.051369
v 0.29796 0.033254 0.04019
v 0.29884 0.033162 0.039538
v 0.29991 0.033245 0.037169
v 0.29155 0.039118 0.033027
v 0.29204 0.039715 0.029358
v 0.29276 0.040122 0.02681
v 0.29333 0.039923 0.025949
v 0.29503 0.03936 0.024671
v 0.29518 0.039453 0.024453
v 0.29838 0.036013 0.031314
v 0.30094 0.036506 0.024285
v 0.30744 0.033728 0.019476
v 0.30293 0.037148 0.015662
v 0.30768 0.034443 0.015036
v 0.30294 0.037097 0.015886
v 0.30763 0.034431 0.015274
v 0.30758 0.03442 0.015511
v 0.30296 0.037045 0.016112
v 0.30297 0.036993 0.016337
v 0.29821 0.039517 0.016929
v 0.29813 0.039609 0.016715
v 0.29829 0.039425 0.017142
v 0.29805 0.0397 0.016502
v 0.30299 0.036941 0.016562
v 0.30753 0.034408 0.015749
v 0.30747 0.034396 0.015987
v 0.30742 0.034384 0.016216
v 0.30964 0.034185 0.009868
v 0.31052 0.029931 0.028451
v 0.32985 0.013353 0.022677
v 0.32985 0.013353 0.026741
v 0.32985 0.013353 0.030806
v 0.32986 0.013275 0.026741
v 0.32986 0.013275 0.030806
v 0.32986 0.013275 0.034871
v 0.32986 0.013275 0.043
v 0.32985 0.013197 0.038935
v 0.32985 0.013197 0.043
v 0.32985 0.013201 0.043
v 0.32985 0.013154 0.043
v 0.32984 0.013121 0.043
v 0.3299 0.012986 0.045095
v 0.33005 0.012488 0.047133
v 0.32988 0.012941 0.045089
v 0.32991 0.013032 0.045102
v 0.33004 0.012446 0.04712
v 0.32987 0.012897 0.045083
v 0.32983 0.013109 0.043
v 0.32981 0.013064 0.043
v 0.32981 0.013049 0.043
v 0.32979 0.013022 0.043
v 0.32976 0.012982 0.043
v 0.32984 0.012856 0.045077
v 0.32982 0.012816 0.045072
v 0.32999 0.012364 0.047098
v 0.33002 0.012404 0.047108
v 0.33025 0.0116 0.049024
v 0.33027 0.011638 0.049041
v 0.33054 0.010509 0.050783
v 0.33056 0.010543 0.050805
v 0.33085 0.009159 0.052349
v 0.33028 0.011677 0.049059
v 0.32976 0.012982 0.043
v 0.32973 0.012944 0.043
v 0.32971 0.012923 0.043
v 0.32986 0.013247 0.043
v 0.32986 0.013294 0.043
v 0.29915 0.010073 0.069626
v 0.26408 -0.012763 0.077896
v 0.24811 0.013177 0.08008
v 0.24198 0.010535 0.080973
v 0.23472 0.018166 0.08094
v 0.22941 0.031389 0.078305
v 0.2264 0.031894 0.078683
v 0.22339 0.032399 0.079039
v 0.22403 0.031009 0.079289
v 0.21869 0.023058 0.081288
v 0.21632 0.01964 0.088241
v 0.21393 0.02111 0.082154
v 0.20892 0.018591 0.082326
v 0.20474 0.015077 0.082596
v 0.205 0.012577 0.088102
v 0.19857 -0.0065264 0.081916
v 0.19369 -0.028722 0.08128
v 0.16927 -0.038053 0.081769
v 0.17506 -0.028548 0.08009
v 0.17338 -0.023753 0.079516
v 0.18001 -0.0041092 0.080548
v 0.1748 0.029797 0.080348
v 0.17508 0.040616 0.082243
v 0.18122 0.038694 0.082095
v 0.17832 0.040087 0.082154
v 0.18336 0.039226 0.081986
v 0.17831 0.04011 0.082152
v 0.17322 0.04098 0.082284
v 0.1783 0.040132 0.082148
v 0.18335 0.039246 0.081983
v 0.18335 0.039266 0.081977
v 0.18852 0.03836 0.081767
v 0.18852 0.03838 0.081759
v 0.18852 0.038351 0.08177
v 0.19432 0.037368 0.081473
v 0.19432 0.037357 0.081477
v 0.20006 0.036387 0.081122
v 0.19432 0.037387 0.081462
v 0.19432 0.037407 0.081449
v 0.20006 0.036409 0.081108
v 0.20007 0.03643 0.081091
v 0.20586 0.03543 0.080687
v 0.21165 0.03446 0.080197
v 0.20586 0.035454 0.080666
v 0.20585 0.035404 0.080704
v 0.20585 0.03539 0.080711
v 0.21164 0.034429 0.080218
v 0.21164 0.034413 0.080227
v 0.21753 0.033446 0.07965
v 0.21752 0.033427 0.079661
v 0.2234 0.03247 0.079006
v 0.21753 0.033483 0.079624
v 0.21754 0.033517 0.079593
v 0.22341 0.032514 0.078975
v 0.22642 0.03202 0.078612
v 0.22341 0.032555 0.078939
v 0.21755 0.033581 0.07952
v 0.22142 0.033423 0.078566
v 0.24704 0.028506 0.075604
v 0.24365 0.029266 0.076075
v 0.24704 0.028439 0.075636
v 0.25016 0.027963 0.075052
v 0.25328 0.02742 0.074473
v 0.25017 0.027901 0.075082
v 0.25328 0.027361 0.074503
v 0.24648 0.02814 0.075911
v 0.24109 0.029458 0.076619
v 0.23827 0.029936 0.077052
v 0.24109 0.029529 0.076585
v 0.24108 0.029661 0.0765
v 0.23827 0.030005 0.077018
v 0.24392 0.029044 0.076132
v 0.24392 0.028977 0.076163
v 0.23541 0.03048 0.07744
v 0.23827 0.030071 0.076976
v 0.23827 0.030134 0.076929
v 0.23542 0.030542 0.077399
v 0.23542 0.030545 0.077397
v 0.23541 0.030482 0.077439
v 0.23242 0.030978 0.077863
v 0.23242 0.031035 0.077823
v 0.22942 0.031475 0.078265
v 0.23241 0.030917 0.077894
v 0.23541 0.030416 0.077473
v 0.23241 0.030885 0.077907
v 0.22941 0.031419 0.078294
v 0.2264 0.031921 0.078673
v 0.2234 0.032423 0.07903
v 0.22641 0.031972 0.078646
v 0.2234 0.032447 0.079019
v 0.21752 0.033407 0.07967
v 0.21164 0.034396 0.080234
v 0.21752 0.033386 0.079677
v 0.21163 0.034379 0.08024
v 0.20584 0.035362 0.080721
v 0.20702 0.034705 0.080708
v 0.20426 0.015874 0.08188
v 0.19793 0.0016767 0.081964
v 0.18507 0.0052182 0.080979
v 0.18414 0.024144 0.080503
v 0.20126 0.026764 0.081393
v 0.21124 0.020691 0.081759
v 0.20017 0.036328 0.081128
v 0.19431 0.037336 0.081482
v 0.20006 0.036364 0.081131
v 0.19432 0.037347 0.08148
v 0.20585 0.035376 0.080717
v 0.20006 0.036376 0.081127
v 0.18852 0.038341 0.081772
v 0.18852 0.038331 0.081774
v 0.18619 0.03872 0.081876
v 0.1899 0.038084 0.081711
v 0.18994 0.037585 0.081762
v 0.20065 0.010665 0.081935
v 0.22112 0.022361 0.081737
v 0.23886 0.029519 0.077072
v 0.23541 0.030415 0.077474
v 0.2385 0.032336 0.074733
v 0.23433 0.030805 0.077483
v 0.24263 0.029754 0.075937
v 0.24521 0.019446 0.079352
v 0.26887 0.024594 0.071184
v 0.25903 0.01789 0.077413
v 0.2629 0.024426 0.073223
v 0.26565 0.02519 0.071921
v 0.26565 0.025236 0.071893
v 0.26257 0.025736 0.072608
v 0.25949 0.026279 0.073266
v 0.26257 0.025785 0.072579
v 0.25948 0.026331 0.073237
v 0.26256 0.025875 0.072511
v 0.25947 0.026427 0.073167
v 0.26255 0.025957 0.07243
v 0.25946 0.026515 0.073084
v 0.26067 0.026368 0.072748
v 0.26409 0.025771 0.071954
v 0.2672 0.028572 0.066104
v 0.25272 0.028575 0.073311
v 0.24187 0.039801 0.06734
v 0.25446 0.033819 0.066716
v 0.24802 0.043599 0.062568
v 0.24177 0.050952 0.061361
v 0.25141 0.051512 0.058645
v 0.25157 0.055472 0.05415
v 0.2517 0.027852 0.074664
v 0.25327 0.027529 0.0744
v 0.25637 0.027071 0.07371
v 0.25638 0.026978 0.073796
v 0.25639 0.026875 0.073867
v 0.25639 0.02682 0.073897
v 0.21354 0.036506 0.077869
v 0.20583 0.044184 0.075433
v 0.20153 0.04747 0.073567
v 0.19056 0.046053 0.074702
v 0.19031 0.046082 0.075266
v 0.19029 0.046061 0.075108
v 0.18536 0.046088 0.075076
v 0.18618 0.0457 0.074244
v 0.1673 0.049034 0.072395
v 0.18639 0.040448 0.065112
v 0.15687 0.049528 0.063012
v 0.15044 0.053717 0.060721
v 0.1403 0.063316 0.055119
v 0.1351 0.047018 0.050693
v 0.12858 0.082714 0.042946
v 0.12857 0.082709 0.042951
v 0.13 0.079818 0.045482
v 0.13009 0.079698 0.045593
v 0.13082 0.077985 0.046094
v 0.12941 0.081032 0.044421
v 0.13385 0.073163 0.050695
v 0.15947 0.051991 0.070054
v 0.15387 0.054792 0.067477
v 0.15632 0.053569 0.068904
v 0.15978 0.05195 0.07037
v 0.16337 0.050516 0.071589
v 0.16339 0.050518 0.071663
v 0.16711 0.049276 0.072694
v 0.16713 0.04928 0.072772
v 0.17099 0.048235 0.073773
v 0.17491 0.047403 0.074411
v 0.17492 0.047399 0.074498
v 0.17892 0.046763 0.074937
v 0.18298 0.046326 0.075257
v 0.17893 0.046759 0.075029
v 0.18298 0.046323 0.075354
v 0.17894 0.046741 0.075119
v 0.18298 0.046304 0.075449
v 0.17894 0.046709 0.075206
v 0.17493 0.047382 0.074583
v 0.171 0.048218 0.073853
v 0.17494 0.047352 0.074666
v 0.17101 0.048189 0.073932
v 0.17495 0.047311 0.074745
v 0.17496 0.047262 0.07482
v 0.17895 0.046667 0.07529
v 0.17103 0.04815 0.074007
v 0.16719 0.049192 0.073072
v 0.17104 0.048104 0.074078
v 0.17105 0.04805 0.074144
v 0.16721 0.049147 0.073139
v 0.16348 0.050386 0.072012
v 0.16722 0.049096 0.073202
v 0.1635 0.050338 0.072072
v 0.16533 0.049456 0.072984
v 0.1627 0.0506 0.071843
v 0.15703 0.052803 0.069974
v 0.15989 0.051818 0.070702
v 0.15987 0.05186 0.070641
v 0.15644 0.053432 0.069222
v 0.15315 0.055222 0.067581
v 0.15642 0.053473 0.069163
v 0.15639 0.053509 0.069101
v 0.1531 0.055299 0.067465
v 0.15637 0.053537 0.069037
v 0.15984 0.051895 0.070576
v 0.15982 0.051923 0.070509
v 0.16344 0.050466 0.071879
v 0.16346 0.05043 0.071947
v 0.16343 0.050493 0.071809
v 0.16717 0.049229 0.073
v 0.16716 0.049257 0.072926
v 0.16714 0.049274 0.07285
v 0.16341 0.050511 0.071736
v 0.1598 0.051942 0.07044
v 0.15634 0.053557 0.068971
v 0.15305 0.05535 0.06734
v 0.14992 0.057306 0.065563
v 0.15307 0.055328 0.067403
v 0.14818 0.058448 0.064229
v 0.13721 0.068735 0.054908
v 0.13932 0.066429 0.057377
v 0.13938 0.066343 0.057475
v 0.14171 0.063958 0.059601
v 0.14428 0.061595 0.061736
v 0.14177 0.063874 0.059702
v 0.14434 0.061514 0.061841
v 0.1471 0.059276 0.063876
v 0.17458 0.041671 0.081754
v 0.18052 0.042239 0.079869
v 0.19493 0.046031 0.075655
v 0.19033 0.046056 0.075503
v 0.19033 0.046029 0.075582
v 0.18706 0.046068 0.075537
v 0.19032 0.046074 0.075424
v 0.18706 0.046078 0.075457
v 0.19031 0.046083 0.075345
v 0.18706 0.046079 0.075377
v 0.18706 0.046079 0.075381
v 0.18706 0.04607 0.075296
v 0.18706 0.046076 0.075483
v 0.18706 0.046057 0.075583
v 0.18706 0.046048 0.075616
v 0.18706 0.046024 0.075682
v 0.18299 0.046271 0.075542
v 0.18706 0.046019 0.075693
v 0.1909 0.045939 0.075765
v 0.18867 0.045784 0.075977
v 0.1799 0.045557 0.076478
v 0.18299 0.046226 0.075631
v 0.17895 0.046615 0.07537
v 0.17497 0.047205 0.07489
v 0.17061 0.048096 0.074111
v 0.20023 0.03718 0.08023
v 0.18677 0.039699 0.080954
v 0.20008 0.036506 0.081004
v 0.20588 0.035541 0.080558
v 0.20587 0.035499 0.080615
v 0.21168 0.034591 0.080042
v 0.21167 0.034541 0.080109
v 0.21165 0.034488 0.080171
v 0.20007 0.03647 0.08105
v 0.19433 0.037443 0.081417
v 0.19433 0.037476 0.08138
v 0.18852 0.038433 0.081725
v 0.18853 0.038466 0.081696
v 0.18334 0.039323 0.081951
v 0.18852 0.038398 0.081749
v 0.18335 0.039286 0.08197
v 0.1783 0.040155 0.082142
v 0.1732 0.041033 0.082276
v 0.17828 0.040198 0.082128
v 0.17826 0.04024 0.08211
v 0.17314 0.041137 0.082249
v 0.17303 0.041258 0.08223
v 0.18333 0.039359 0.081929
v 0.15771 0.048415 0.075803
v 0.13647 0.05109 0.079836
v 0.16809 0.04191 0.082371
v 0.16793 0.04213 0.082362
v 0.16813 0.041844 0.082378
v 0.16863 0.040383 0.082332
v 0.16775 0.041849 0.082385
v 0.14644 0.04461 0.082408
v 0.14705 0.058542 0.064776
v 0.15004 0.057174 0.065795
v 0.14998 0.057251 0.065683
v 0.14995 0.057282 0.065624
v 0.14704 0.059355 0.063768
v 0.14701 0.059388 0.063711
v 0.14425 0.061629 0.061681
v 0.14279 0.062886 0.060279
v 0.14155 0.064059 0.059545
v 0.13931 0.066395 0.057435
v 0.13692 0.06755 0.052416
v 0.14479 0.058522 0.057972
v 0.13097 0.078078 0.047022
v 0.19993 -0.03671 0.081163
v 0.2013 -0.025076 0.081439
v 0.20383 -0.015926 0.081881
v 0.21122 -0.021887 0.081638
v 0.20479 -0.015508 0.082692
v 0.20053 -0.0092682 0.082503
v 0.20287 -0.009736 0.088129
v 0.20073 -0.003433 0.087994
v 0.20716 -0.013671 0.088836
v 0.20204 -0.0054771 0.088742
v 0.20048 0.001483 0.087797
v 0.19877 -0.0017357 0.082688
v 0.19906 0.0034514 0.082592
v 0.2004 0.008668 0.0824
v 0.2018 0.0066986 0.088234
v 0.2088 0.015402 0.088771
v 0.21003 0.017081 0.088112
v 0.22312 0.020163 0.08809
v 0.22042 0.019021 0.088823
v 0.20188 0.0039073 0.088808
v 0.22811 0.018153 0.088745
v 0.22986 0.018427 0.087786
v 0.23532 0.014639 0.087814
v 0.23766 0.015081 0.081555
v 0.24171 0.0088206 0.081697
v 0.22855 0.021397 0.080985
v 0.24333 0.0033199 0.081566
v 0.24469 -0.0019811 0.081093
v 0.24277 -0.0090414 0.080991
v 0.24191 -0.0090129 0.081564
v 0.23912 0.0091564 0.088243
v 0.23429 0.014173 0.088769
v 0.24045 0.0021786 0.088778
v 0.24141 -0.0016792 0.088016
v 0.24129 0.0032824 0.087859
v 0.2395 -0.0062749 0.088807
v 0.2381 -0.01143 0.088093
v 0.25371 0.05565 0.051698
v 0.25085 0.061515 0.047888
v 0.25142 0.059624 0.049406
v 0.24431 0.064148 0.051985
v 0.2448 0.063602 0.052597
v 0.23294 0.060715 0.059999
v 0.23826 0.063939 0.057975
v 0.21683 0.051905 0.069195
v 0.17683 0.013525 0.064669
v 0.18706 0.012703 0.064286
v 0.19689 0.012441 0.063088
v 0.19579 0.01017 0.061538
v 0.18195 0.0063361 0.058544
v 0.15975 0.005999 0.048615
v 0.15252 0.0067121 0.042051
v 0.14807 0.0063403 0.036669
v 0.1572 -0.0081533 0.047256
v 0.15 -0.011704 0.043989
v 0.13788 -0.015381 0.03968
v 0.15365 -0.018599 0.061129
v 0.15527 -0.015153 0.057479
v 0.14601 -0.015239 0.049569
v 0.13085 -0.022907 0.044614
v 0.14455 -0.011266 0.036099
v 0.14629 -0.0087544 0.035498
v 0.17121 -0.0073924 0.055312
v 0.1798 -0.0090834 0.058909
v 0.18006 -0.0064866 0.058073
v 0.18965 0.0063297 0.059547
v 0.20591 0.0084367 0.0588
v 0.20434 0.011204 0.060841
v 0.19788 0.0067428 0.059431
v 0.18742 -0.0070574 0.059398
v 0.18764 -0.011111 0.061766
v 0.16346 -0.0072207 0.051225
v 0.15492 -0.0065819 0.044563
v 0.16849 0.0062105 0.053924
v 0.17971 0.009488 0.059441
v 0.18534 0.010583 0.061394
v 0.22352 0.0054097 0.050225
v 0.21271 -0.0068714 0.055969
v 0.19423 -0.01042 0.061342
v 0.13075 -0.025505 0.045958
v 0.13448 -0.023249 0.049925
v 0.14289 0.0095911 0.034732
v 0.14605 0.0089624 0.03566
v 0.14427 0.011042 0.036233
v 0.16242 0.011217 0.054037
v 0.14417 0.014695 0.047456
v 0.13676 0.060891 0.063773
v 0.13523 0.07052 0.053781
v 0.14505 0.022896 0.0759
v 0.1266 0.028823 0.072987
v 0.13513 -0.046759 0.082031
v 0.14846 -0.046359 0.082315
v 0.14779 -0.039892 0.080561
v 0.12661 -0.053771 0.07891
v 0.18077 -0.040335 0.081974
v 0.17314 -0.041582 0.082249
v 0.17828 -0.040643 0.082128
v 0.18333 -0.039804 0.081929
v 0.18334 -0.039768 0.081951
v 0.18852 -0.038911 0.081696
v 0.18852 -0.038878 0.081725
v 0.18853 -0.039033 0.081574
v 0.19433 -0.037921 0.08138
v 0.19435 -0.038046 0.08123
v 0.18642 -0.04025 0.080958
v 0.18852 -0.038843 0.081749
v 0.18335 -0.039731 0.08197
v 0.18335 -0.039711 0.081977
v 0.1783 -0.0406 0.082142
v 0.17319 -0.041479 0.082276
v 0.1783 -0.040578 0.082148
v 0.17831 -0.040555 0.082152
v 0.16809 -0.042355 0.082371
v 0.16813 -0.042289 0.082378
v 0.16841 -0.043099 0.082028
v 0.20006 -0.036821 0.081127
v 0.20585 -0.035849 0.080704
v 0.21165 -0.034905 0.080197
v 0.21165 -0.034933 0.080171
v 0.21753 -0.033928 0.079624
v 0.21754 -0.033962 0.079593
v 0.22341 -0.032959 0.078975
v 0.22641 -0.032465 0.078612
v 0.22341 -0.033 0.078939
v 0.22942 -0.031972 0.078229
v 0.21755 -0.034026 0.07952
v 0.2628 -0.026517 0.072152
v 0.26691 -0.025676 0.071365
v 0.26786 -0.026943 0.068608
v 0.25867 -0.033562 0.065397
v 0.24396 -0.049479 0.061407
v 0.24567 -0.056562 0.05884
v 0.25226 -0.055924 0.053416
v 0.25839 -0.047834 0.057953
v 0.27173 -0.040424 0.056523
v 0.289 -0.025786 0.057869
v 0.27924 -0.03327 0.056774
v 0.28739 -0.036823 0.046867
v 0.27329 -0.042696 0.051226
v 0.25978 -0.050597 0.052542
v 0.26406 -0.048312 0.049713
v 0.26247 -0.049995 0.047638
v 0.30604 -0.027516 0.045036
v 0.30387 -0.031216 0.038898
v 0.31076 -0.030288 0.02804
v 0.24974 -0.057959 0.053638
v 0.25083 -0.057056 0.053565
v 0.24803 -0.059436 0.053739
v 0.24736 -0.060044 0.053775
v 0.24799 -0.059394 0.0537
v 0.25079 -0.057013 0.053528
v 0.24531 -0.061902 0.053822
v 0.24744 -0.061909 0.051663
v 0.24707 -0.061948 0.052135
v 0.24937 -0.061956 0.049634
v 0.24952 -0.061958 0.049457
v 0.25152 -0.061963 0.04707
v 0.24794 -0.061952 0.051204
v 0.2381 -0.064601 0.05761
v 0.24754 -0.064185 0.049452
v 0.25031 -0.064631 0.043115
v 0.2482 -0.063767 0.042801
v 0.2373 -0.06455 0.0568
v 0.25379 -0.064331 0.040833
v 0.25085 -0.06196 0.047888
v 0.25331 -0.061969 0.044747
v 0.25326 -0.061927 0.044715
v 0.25081 -0.061919 0.047851
v 0.25431 -0.059041 0.047054
v 0.25505 -0.057101 0.048718
v 0.25541 -0.056182 0.049528
v 0.25267 -0.055977 0.052832
v 0.25271 -0.05602 0.052867
v 0.25172 -0.058908 0.0503
v 0.25171 -0.058942 0.050271
v 0.25124 -0.060463 0.049014
v 0.25179 -0.058852 0.050416
v 0.25141 -0.060098 0.049383
v 0.25 -0.060109 0.05096
v 0.25016 -0.05948 0.051484
v 0.25012 -0.059438 0.051446
v 0.25031 -0.058926 0.051952
v 0.25134 -0.058039 0.051882
v 0.25056 -0.058001 0.052744
v 0.25231 -0.057225 0.05181
v 0.25012 -0.059462 0.051427
v 0.24948 -0.061915 0.04942
v 0.25371 -0.056096 0.051699
v 0.24382 -0.062614 0.054773
v 0.24535 -0.06195 0.053872
v 0.2687 -0.025282 0.071035
v 0.26563 -0.025843 0.071747
v 0.26871 -0.02521 0.071112
v 0.26728 -0.02538 0.071526
v 0.26564 -0.025766 0.071826
v 0.21373 -0.050057 0.067138
v 0.20121 -0.047487 0.072182
v 0.18873 -0.046277 0.074594
v 0.19044 -0.040477 0.064577
v 0.17193 -0.043793 0.06558
v 0.16304 -0.046864 0.064419
v 0.15671 -0.050095 0.062979
v 0.17096 -0.04868 0.073609
v 0.17097 -0.048686 0.073691
v 0.17146 -0.048448 0.073464
v 0.16713 -0.049726 0.072772
v 0.16714 -0.04972 0.072849
v 0.16339 -0.050964 0.071663
v 0.16341 -0.050956 0.071736
v 0.15978 -0.052396 0.07037
v 0.15632 -0.054014 0.068904
v 0.1598 -0.052387 0.07044
v 0.16471 -0.050214 0.071374
v 0.16037 -0.051774 0.069829
v 0.1536 -0.055265 0.067138
v 0.13738 -0.069002 0.055131
v 0.1339 -0.073698 0.051045
v 0.13711 -0.069442 0.055077
v 0.13926 -0.066949 0.057276
v 0.14835 -0.058677 0.064148
v 0.1442 -0.062129 0.06157
v 0.14695 -0.059881 0.063594
v 0.1499 -0.057769 0.065502
v 0.15302 -0.05581 0.067276
v 0.14351 -0.062595 0.06082
v 0.15305 -0.055796 0.06734
v 0.15634 -0.054003 0.068971
v 0.15637 -0.053983 0.069036
v 0.15982 -0.052368 0.070509
v 0.15984 -0.052341 0.070576
v 0.16343 -0.050939 0.071809
v 0.16716 -0.049703 0.072926
v 0.16344 -0.050911 0.071879
v 0.16717 -0.049675 0.073
v 0.16719 -0.049638 0.073071
v 0.17101 -0.048635 0.073932
v 0.17103 -0.048596 0.074007
v 0.17494 -0.047797 0.074666
v 0.171 -0.048664 0.073853
v 0.17099 -0.048681 0.073773
v 0.17493 -0.047827 0.074583
v 0.18083 -0.046837 0.074526
v 0.17495 -0.047757 0.074745
v 0.17894 -0.047155 0.075206
v 0.17895 -0.047112 0.07529
v 0.18299 -0.046672 0.075631
v 0.17895 -0.04706 0.07537
v 0.18299 -0.046617 0.075715
v 0.17896 -0.047 0.075443
v 0.17496 -0.047707 0.07482
v 0.17497 -0.047651 0.07489
v 0.17104 -0.048549 0.074078
v 0.17105 -0.048496 0.074144
v 0.16748 -0.049409 0.073329
v 0.18303 -0.044539 0.077861
v 0.19429 -0.045717 0.076173
v 0.18706 -0.046366 0.075865
v 0.18706 -0.046423 0.075776
v 0.13594 -0.069467 0.055397
v 0.13508 -0.072087 0.052727
v 0.13332 -0.07463 0.050468
v 0.13334 -0.073549 0.051453
v 0.1311 -0.07402 0.051466
v 0.12991 -0.080244 0.045484
v 0.1316 -0.077415 0.048
v 0.13138 -0.077793 0.047666
v 0.13329 -0.074671 0.050432
v 0.13309 -0.074993 0.050119
v 0.13098 -0.078508 0.047034
v 0.13009 -0.080146 0.04559
v 0.13 -0.080263 0.045481
v 0.12858 -0.083159 0.042946
v 0.12997 -0.080256 0.045482
v 0.12857 -0.083154 0.042951
v 0.12661 -0.082671 0.043478
v 0.20066 -0.047755 0.073804
v 0.20568 -0.048747 0.072974
v 0.15639 -0.053817 0.069294
v 0.21761 -0.038913 0.054546
v 0.28822 -0.045195 0.018032
v 0.2602 -0.055885 0.043716
v 0.25989 -0.056179 0.043936
v 0.27563 -0.050057 0.021046
v 0.31459 -0.017721 0.052588
v 0.29068 -0.019746 0.066553
v 0.28847 -0.021583 0.065655
v 0.29304 -0.020689 0.064234
v 0.29604 -0.020105 0.063253
v 0.29474 -0.021319 0.061277
v 0.29904 -0.019539 0.062204
v 0.29905 -0.0195 0.062256
v 0.30205 -0.018941 0.061165
v 0.30342 -0.018721 0.060603
v 0.30207 -0.018388 0.06188
v 0.32122 -0.012008 0.058482
v 0.33081 -0.010329 0.052076
v 0.33104 -0.0095898 0.055029
v 0.33092 -0.009786 0.052516
v 0.3306 -0.011166 0.050927
v 0.33092 -0.009756 0.052487
v 0.33124 -0.008176 0.053871
v 0.33123 -0.008126 0.053805
v 0.33152 -0.006334 0.054893
v 0.33091 -0.009725 0.052457
v 0.3309 -0.009695 0.052428
v 0.33059 -0.011095 0.050876
v 0.3306 -0.011131 0.050901
v 0.3303 -0.012203 0.049097
v 0.33059 -0.01106 0.050851
v 0.33029 -0.012163 0.049078
v 0.33057 -0.011024 0.050827
v 0.33089 -0.009664 0.0524
v 0.33028 -0.012123 0.049059
v 0.33005 -0.012934 0.047133
v 0.33027 -0.012084 0.049041
v 0.33004 -0.012891 0.04712
v 0.32988 -0.013387 0.045089
v 0.33002 -0.01285 0.047108
v 0.32999 -0.01281 0.047098
v 0.32987 -0.013343 0.045083
v 0.32981 -0.01351 0.043
v 0.32984 -0.013301 0.045077
v 0.32979 -0.013468 0.043
v 0.32982 -0.013262 0.045072
v 0.32997 -0.012772 0.047088
v 0.32976 -0.013427 0.043
v 0.32979 -0.013225 0.045068
v 0.32973 -0.01339 0.043
v 0.32994 -0.012737 0.047079
v 0.32971 -0.013369 0.043
v 0.32976 -0.013428 0.043
v 0.32976 -0.013428 0.038935
v 0.32981 -0.013494 0.038935
v 0.32976 -0.013428 0.034871
v 0.32971 -0.013369 0.034871
v 0.32981 -0.013494 0.034871
v 0.32981 -0.013494 0.030806
v 0.32984 -0.013567 0.038935
v 0.32981 -0.013494 0.043
v 0.32984 -0.013567 0.043
v 0.32985 -0.0136 0.043
v 0.32983 -0.013554 0.043
v 0.3299 -0.013432 0.045095
v 0.32985 -0.013643 0.043
v 0.33006 -0.012978 0.047146
v 0.3303 -0.012244 0.049118
v 0.3303 -0.012283 0.049138
v 0.3306 -0.011202 0.050953
v 0.33184 -0.0040166 0.057738
v 0.31676 -0.010206 0.062541
v 0.32985 -0.013798 0.043
v 0.32959 -0.013277 -0.009841
v 0.32944 -0.013229 -0.022014
v 0.32936 -0.013223 -0.022035
v 0.32936 -0.013223 -0.01797
v 0.32952 -0.013247 0.043
v 0.32701 -0.001414 0.023286
v 0.32706 -0.002007 0.023286
v 0.32696 -0.002007 0.023286
v 0.32706 -0.002007 0.025802
v 0.32696 -0.002007 0.025802
v 0.32706 0.007742 0.006374
v 0.32706 0.0070655 0.010023
v 0.32456 0.0078689 0.0078238
v 0.32456 0.0050011 0.013445
v 0.32706 0.0038915 0.013733
v 0.32706 -0.0009045 0.014852
v 0.32456 -0.0011381 0.015091
v 0.32706 -0.0055692 0.012785
v 0.32456 -0.0058896 0.012852
v 0.32706 -0.0079962 0.0086127
v 0.32456 -0.0082878 0.008133
v 0.32456 -0.0073609 0.0031195
v 0.32706 -0.007827 0.0047188
v 0.32706 -0.0065165 0.0020825
v 0.32706 -0.0021425 -0.00064025
v 0.32456 -0.003656 -0.00038767
v 0.32456 0.0016825 -0.0009305
v 0.32706 0.0028073 -0.00028625
v 0.32456 0.0065332 0.0023429
v 0.32706 0.0065083 0.0028815
v 0.29051 0.044248 -0.022378
v 0.25983 0.063087 0.013563
v 0.2633 0.049337 0.043746
v 0.26827 0.050368 0.032194
v 0.26823 0.050393 0.032192
v 0.27 0.050657 0.027487
v 0.27152 0.050901 0.022684
v 0.27227 0.050887 0.021449
v 0.33181 -0.000223 0.056147
v 0.33176 -0.002295 0.055982
v 0.23674 -0.018311 0.08072
v 0.22824 -0.031456 0.078613
v 0.21899 -0.023777 0.081224
v 0.21229 -0.0342 0.080261
v 0.24859 -0.01519 -0.055954
v 0.24797 -0.015244 -0.053162
v 0.24893 -0.015739 -0.056009
v 0.24702 -0.008923 -0.056522
v 0.24563 -0.0020611 -0.055302
v 0.24646 -0.005367 -0.056671
v 0.24602 0.00068709 -0.056787
v 0.21967 -0.0093904 -0.049282
v 0.22065 -0.0090796 -0.053136
v 0.22187 -0.013179 -0.048692
v 0.22367 -0.013629 -0.05313
v 0.22571 -0.015155 -0.047663
v 0.22735 -0.015149 -0.053206
v 0.23732 -0.015244 -0.053928
v 0.24201 -0.015244 -0.043295
v 0.23964 -0.0046924 -0.043931
v 0.24241 -0.015239 -0.045334
v 0.24148 0.014502 -0.043439
v 0.23985 0.0016111 -0.046019
v 0.22577 0.014686 -0.047648
v 0.22187 0.012713 -0.048693
v 0.22076 0.009198 -0.053134
v 0.21967 0.0088348 -0.049283
v 0.22393 0.01332 -0.053122
v 0.22749 0.014738 -0.053204
v 0.23973 0.014778 -0.054295
v 0.25335 0.02452 -0.054825
v 0.24829 0.014803 -0.053072
v 0.25705 0.029483 -0.050727
v 0.25319 0.025977 -0.047498
v 0.24934 0.019619 -0.048412
v 0.24586 0.018546 -0.045651
v 0.24942 0.024369 -0.044896
v 0.2516 0.027997 -0.042881
v 0.24353 0.014771 -0.045019
v 0.24739 -0.022828 -0.044023
v 0.25059 -0.026531 -0.044511
v 0.26125 -0.034589 -0.045174
v 0.25127 -0.023516 -0.047947
v 0.24364 -0.015249 -0.045044
v 0.24632 -0.018816 -0.04629
v 0.24715 -0.015269 -0.048934
v 0.24852 -0.015246 -0.05301
v 0.25682 -0.030651 -0.046461
v 0.26859 -0.038579 -0.047625
v 0.28311 -0.043033 -0.043745
v 0.28368 -0.043199 -0.039382
v 0.27796 -0.042433 -0.04077
v 0.26637 -0.038226 -0.04327
v 0.27345 -0.042535 -0.037072
v 0.28427 -0.044865 -0.034131
v 0.29909 -0.043157 -0.030144
v 0.29015 -0.044612 -0.033933
v 0.28485 -0.044433 -0.035779
v 0.28872 -0.043204 -0.03808
v 0.30109 -0.040539 -0.034569
v 0.32023 -0.026131 -0.028725
v 0.32648 -0.020877 -0.02443
v 0.32672 -0.013334 -0.026709
v 0.32793 -0.013587 -0.024953
v 0.32908 -0.014733 -0.023687
v 0.32775 -0.012866 -0.023985
v 0.32766 0.012928 -0.022496
v 0.32769 -0.0045073 -0.026504
v 0.32787 0.00079251 -0.026903
v 0.3272 0.0081725 -0.027786
v 0.32872 0.01421 -0.024195
v 0.32846 0.01334 -0.0242
v 0.32866 0.013448 -0.022249
v 0.32905 0.014401 -0.022125
v 0.32493 0.023131 -0.023225
v 0.32406 0.024594 -0.024753
v 0.32009 0.029571 -0.02608
v 0.3154 0.034038 -0.027404
v 0.30947 0.038046 -0.029173
v 0.3114 0.034196 -0.031909
v 0.31738 0.028593 -0.030595
v 0.32195 0.022255 -0.029395
v 0.3246 0.017016 -0.028156
v 0.31574 0.030612 -0.030402
v 0.32198 0.022744 -0.028478
v 0.32917 0.014083 -0.023191
v 0.32712 0.019237 -0.024049
v 0.3293 0.00074992 -0.031366
v 0.32861 -0.0078043 -0.03155
v 0.32786 -0.010185 -0.031749
v 0.32315 -0.022357 -0.033015
v 0.32476 -0.017084 -0.028434
v 0.32085 -0.024426 -0.029746
v 0.31611 -0.03045 -0.030508
v 0.31184 -0.03431 -0.031638
v 0.2951 -0.04236 -0.0362
v 0.30662 -0.037868 -0.033195
v 0.29035 -0.043221 -0.041805
v 0.31515 -0.032528 -0.03516
v 0.32662 -0.011494 -0.027487
v 0.32557 0.017353 -0.032367
v 0.31786 0.029121 -0.034433
v 0.30701 0.037208 -0.033085
v 0.29762 0.041237 -0.035784
v 0.28269 0.042722 -0.039424
v 0.28553 0.042778 -0.043094
v 0.29482 0.042339 -0.040607
v 0.30083 0.040663 -0.038995
v 0.3087 0.03702 -0.036887
v 0.28643 0.042841 -0.038717
v 0.27258 0.0404 -0.046566
v 0.26723 0.039491 -0.03873
v 0.27732 0.041789 -0.041068
v 0.27062 0.039723 -0.04272
v 0.25892 0.032213 -0.045866
v 0.2634 0.035689 -0.044765
v 0.26413 0.0356 -0.04883
v 0.25646 0.032255 -0.04267
v 0.26077 0.035879 -0.040445
v 0.27609 0.042882 -0.036363
v 0.30241 0.04149 -0.030718
v 0.29631 0.043482 -0.03118
v 0.28244 0.044243 -0.034803
v 0.30937 0.038392 -0.027397
v 0.31819 0.031624 -0.02503
v 0.29171 0.042503 -0.037163
v 0.28867 0.044443 -0.033191
v 0.30306 0.039223 -0.034252
v 0.32704 0.012863 -0.026115
v 0.32615 0.012631 -0.027901
v 0.32787 0.012868 -0.023947
v 0.32774 0.012203 -0.023886
v 0.32824 -0.013554 -0.024343
v 0.32911 -0.014226 -0.023039
v 0.32777 -0.013365 -0.022468
v 0.32273 -0.026937 -0.025117
v 0.32457 -0.024173 -0.023319
v 0.32909 -0.014812 -0.022126
v 0.3159 -0.033988 -0.027356
v 0.30971 -0.038526 -0.028773
v 0.30067 -0.04263 -0.031083
v 0.30752 -0.039782 -0.027929
v 0.31674 -0.033547 -0.025422
v 0.26646 -0.039534 -0.038895
v 0.25705 -0.033702 -0.041442
v 0.27461 -0.041239 -0.046022
v 0.27201 -0.040643 -0.042418
v 0.2471 0.014782 -0.048856
v 0.25168 0.023047 -0.052166
v 0.26357 0.035238 -0.052087
v 0.27706 0.042004 -0.048473
v 0.29417 0.043144 -0.043887
v 0.28388 0.043326 -0.04354
v 0.30836 0.038096 -0.040086
v 0.31979 0.028845 -0.037022
v 0.31611 0.031773 -0.034902
v 0.32239 0.023927 -0.033219
v 0.32882 0.012318 -0.034604
v 0.32831 0.010033 -0.031634
v 0.3302 -0.000223 -0.034232
v 0.32967 -0.007123 -0.034375
v 0.33007 -0.003719 -0.034269
v 0.32965 -0.007297 -0.034382
v 0.32697 -0.017583 -0.035098
v 0.32604 -0.017515 -0.032242
v 0.31832 -0.030836 -0.037416
v 0.32111 -0.026365 -0.033565
v 0.30414 -0.040866 -0.041216
v 0.3099 -0.036788 -0.036567
v 0.30243 -0.040524 -0.038568
v 0.29671 -0.042693 -0.040102
v 0.28899 -0.043831 -0.045276
v 0.28649 -0.04386 -0.042839
v 0.2749 -0.041793 -0.049051
v 0.27663 -0.042301 -0.045482
v 0.27016 -0.039925 -0.047215
v 0.26613 -0.037246 -0.051402
v 0.25924 -0.031958 -0.053247
v 0.2643 -0.036413 -0.048785
v 0.25895 -0.032065 -0.050218
v 0.25179 -0.022192 -0.055243
v 0.25212 -0.023553 -0.052048
v 0.32809 -0.013847 -0.034799
v 0.32439 -0.022021 -0.035791
v 0.31212 -0.035301 -0.039076
v 0.28617 -0.044197 -0.04603
v 0.25751 -0.029948 -0.053711
v 0.25334 -0.024534 -0.054827
v 0.25006 -0.018505 -0.055707
v 0.24774 -0.012013 -0.056328
v 0.2484 0.014468 -0.05604
v 0.086081 -0.029178 -0.059965
v 0.083759 -0.030542 -0.057
v 0.08248 -0.033705 -0.057
v 0.091119 -0.027249 -0.062
v 0.094551 -0.035243 -0.093681
v 0.091156 -0.03878 -0.093354
v 0.11881 -0.053662 -0.096017
v 0.12745 -0.035253 -0.062
v 0.12025 -0.042957 -0.096158
v 0.12079 -0.03908 -0.090367
v 0.12019 -0.032283 -0.077739
v 0.11795 -0.037485 -0.095934
v 0.11447 -0.034967 -0.0956
v 0.11185 -0.034229 -0.095347
v 0.098972 -0.033951 -0.094107
v 0.11594 -0.030055 -0.075741
v 0.11931 -0.027206 -0.062
v 0.11776 -0.027087 -0.062
v 0.12081 -0.027561 -0.062
v 0.12223 -0.028142 -0.062
v 0.12354 -0.028937 -0.062
v 0.11536 -0.033699 -0.090126
v 0.12534 -0.03059 -0.062
v 0.1247 -0.029927 -0.062
v 0.12649 -0.032396 -0.062
v 0.12707 -0.033817 -0.062
v 0.12754 -0.036869 -0.062
v 0.1275 0.035371 -0.062
v 0.12742 0.034875 -0.062
v 0.12707 0.033372 -0.062
v 0.12636 0.031691 -0.062
v 0.12688 0.03425 -0.063694
v 0.12006 0.041119 -0.096138
v 0.12023 0.049138 -0.096154
v 0.12671 0.062243 -0.057
v 0.11886 0.053141 -0.096022
v 0.12167 0.065698 -0.057
v 0.11673 0.055617 -0.095817
v 0.090429 0.065885 -0.057
v 0.097754 0.057965 -0.09399
v 0.11277 0.057699 -0.095436
v 0.08646 0.064306 -0.057
v 0.092902 0.055395 -0.093522
v 0.090141 0.050516 -0.093256
v 0.083718 0.061357 -0.057
v 0.082444 0.058135 -0.057
v 0.09029 0.040367 -0.09327
v 0.093325 0.035612 -0.093563
v 0.11883 0.026685 -0.062
v 0.11364 0.034097 -0.09552
v 0.11783 0.037002 -0.095923
v 0.12078 0.032309 -0.078225
v 0.12354 0.028492 -0.062
v 0.12223 0.027697 -0.062
v 0.1247 0.029482 -0.062
v 0.12569 0.030644 -0.062
v 0.12081 0.027116 -0.062
v 0.11931 0.026762 -0.062
v 0.11796 0.02997 -0.075428
v 0.098193 0.033543 -0.094032
v 0.089645 0.027104 -0.062
v 0.088462 0.027762 -0.062
v 0.084519 0.028975 -0.057
v 0.088616 0.02508 -0.057
v 0.088493 -0.025991 -0.057
v 0.089819 -0.025957 -0.062
v 0.088341 -0.028265 -0.062
v 0.082388 0.033768 -0.057
v 0.1284 0.058416 -0.057
v 0.12588 -0.053926 -0.069785
v 0.12021 -0.04971 -0.096152
v 0.12815 -0.05996 -0.057
v 0.11595 -0.056703 -0.095742
v 0.11176 -0.058234 -0.095339
v 0.12134 -0.066174 -0.057
v 0.097953 -0.058432 -0.094009
v 0.090859 -0.066364 -0.057
v 0.086735 -0.064925 -0.057
v 0.092018 -0.054995 -0.093437
v 0.083639 -0.061689 -0.057
v 0.090039 -0.042946 -0.093247
v 0.082444 -0.058581 -0.057
v 0.12542 -0.063937 -0.057
v 0.090082 -0.050345 -0.093251
v 0.32638 -0.0047054 0.043
v 0.32641 -0.0031049 0.039516
v 0.32656 -0.000598 0.038665
v 0.32626 -0.0017166 0.038834
v 0.32656 0.000121 0.038665
v 0.32633 0.0011057 0.038796
v 0.32637 0.0032629 0.040275
v 0.32635 0.0040814 0.042281
v 0.32638 0.0039332 0.044552
v 0.32641 0.0019479 0.046833
v 0.32656 0.000121 0.047335
v 0.32656 -0.000598 0.047335
v 0.32631 -0.00072005 0.047438
v 0.32637 -0.0034925 0.045996
v 0.32406 -0.0016222 0.043551
v 0.32451 -0.00079709 0.044514
v 0.32409 -0.00022898 0.044483
v 0.32451 0.0013814 0.043127
v 0.32452 0.00063338 0.041529
v 0.32407 0.00085074 0.041976
v 0.32451 -0.0012548 0.041675
v 0.3245 -0.001847 0.043243
v 0.32407 -0.0010374 0.041708
v 0.32428 0.0010033 0.043918
v 0.32406 0.0046398 0.043
v 0.32456 0.0034054 0.046541
v 0.32406 0.003315 0.046272
v 0.32456 -0.0027751 0.047402
v 0.32406 0.00055625 0.047765
v 0.32406 -0.0028322 0.047117
v 0.32456 -0.0051132 0.042878
v 0.32406 -0.0051688 0.043707
v 0.32422 -0.0037673 0.039702
v 0.32456 0.00073199 0.038013
v 0.32406 -0.0003082 0.038075
v 0.32406 0.0032863 0.039688
v 0.32456 0.0044122 0.041534
v 0.32656 -0.000238 0.03865
v 0.32656 -0.000238 0.04735
v 0.32639 0.00029742 0.048061
v 0.32641 0.0032222 0.046761
v 0.32642 0.0048036 0.043842
v 0.32641 0.0042575 0.040568
v 0.32638 -0.0025021 0.038345
v 0.32646 0.0011816 0.038002
v 0.32642 -0.0050517 0.041346
v 0.32641 -0.0050517 0.044654
v 0.32641 -0.0030226 0.047261
v 0.32656 -0.004956 0.043391
v 0.32656 0.0026298 0.046685
v 0.32656 -0.00023825 0.04767
v 0.32656 -0.002491 0.047163
v 0.32656 -0.0042015 0.045589
v 0.32656 0.0040965 0.044901
v 0.32656 0.0026298 0.039315
v 0.32656 0.0042799 0.041951
v 0.32656 -0.00023825 0.03833
v 0.32656 -0.002491 0.038836
v 0.32656 -0.0041472 0.040446
v 0.32676 0.0028885 -0.00052905
v 0.32576 -0.003656 -0.00038767
v 0.32676 -0.003539 -0.00059896
v 0.32576 -0.0081599 0.0044867
v 0.32676 -0.0078574 0.0041578
v 0.32576 -0.0073016 0.011031
v 0.32676 -0.007993 0.0094465
v 0.32576 -0.0022759 0.015033
v 0.32676 -0.0037777 0.014529
v 0.32576 0.0054288 0.013163
v 0.32676 0.0041358 0.014093
v 0.32676 0.0077754 0.0085446
v 0.32576 0.0079532 0.005433
v 0.32576 0.0029382 -0.00070213
v 0.32676 0.0069696 0.0031256
f 507 721 351
f 42 41 14
f 160 107 109
f 140 94 95
f 156 107 155
f 148 100 150
f 149 100 101
f 508 2967 444
f 509 132 90
f 175 828 822
f 828 829 822
f 157 860 861
f 883 150 885
f 1088 1028 1086
f 1030 1029 1055
f 1021 1017 1018
f 1084 1083 1025
f 1029 1086 1056
f 1044 1042 1054
f 1067 1066 1077
f 1119 1121 1122
f 1405 1372 1371
f 1237 1412 1413
f 1471 1410 1513
f 1472 1471 1473
f 1473 1471 1474
f 1489 1488 1491
f 1515 1513 1410
f 3957 3944 3933
f 1778 1776 2315
f 1910 1909 1908
f 1912 1914 1905
f 1915 1917 1916
f 1919 1920 1922
f 1913 1952 1951
f 1957 1953 1955
f 1888 1957 1956
f 1959 1960 1961
f 2105 2104 2107
f 2236 2314 2202
f 2481 2482 2317
f 3783 3782 132
f 3177 3160 3176
f 3386 3385 3384
f 2771 2769 4093
f 4284 4283 4285
f 4289 4294 4302
f 4340 4342 4339
f 4463 4345 4354
f 4506 4466 4473
f 4578 4570 4571
f 4542 4540 4547
f 4571 4567 4572
f 4594 4592 4603
f 4625 4615 4619
f 4658 4656 4652
f 4655 4662 4663
f 416 435 445
f 446 447 414
f 447 448 411
f 446 414 415
f 416 445 415
f 445 446 415
f 411 414 447
f 448 449 410
f 449 450 413
f 448 410 411
f 413 410 449
f 450 451 412
f 451 452 403
f 450 412 413
f 403 412 451
f 452 453 402
f 453 454 409
f 452 402 403
f 409 402 453
f 454 455 405
f 455 456 404
f 386 459 460
f 405 408 454
f 408 409 454
f 459 386 387
f 456 457 407
f 400 461 462
f 458 459 387
f 464 399 396
f 461 400 401
f 457 458 406
f 396 463 464
f 406 407 457
f 407 404 456
f 455 404 405
f 463 396 397
f 399 464 465
f 398 466 389
f 462 463 397
f 468 388 467
f 466 398 465
f 460 461 401
f 389 467 388
f 401 386 460
f 387 406 458
f 467 389 466
f 388 468 395
f 395 469 394
f 471 391 470
f 469 395 468
f 394 470 391
f 397 400 462
f 470 394 469
f 391 471 390
f 390 472 393
f 474 392 473
f 472 390 471
f 393 473 392
f 398 399 465
f 473 393 472
f 392 474 355
f 355 475 354
f 476 385 354
f 475 355 474
f 354 475 476
f 385 476 477
f 384 477 478
f 479 380 381
f 477 384 385
f 381 478 479
f 478 381 384
f 380 479 480
f 383 480 481
f 482 382 481
f 480 383 380
f 383 481 382
f 382 482 373
f 373 483 372
f 485 379 484
f 483 373 482
f 372 484 379
f 484 372 483
f 379 485 378
f 378 486 375
f 487 374 375
f 486 378 485
f 375 486 487
f 374 487 488
f 377 488 489
f 490 376 489
f 488 377 374
f 489 376 377
f 376 490 357
f 357 490 491
f 491 356 357
f 356 491 492
f 356 492 371
f 492 493 371
f 371 493 370
f 370 493 494
f 494 495 367
f 495 496 367
f 494 367 370
f 497 498 368
f 498 499 359
f 361 502 503
f 496 497 366
f 367 496 366
f 369 366 497
f 369 497 368
f 502 361 364
f 499 500 358
f 360 503 504
f 365 358 500
f 358 359 499
f 498 359 368
f 364 365 501
f 503 360 361
f 500 501 365
f 360 504 363
f 505 363 504
f 501 502 364
f 363 505 362
f 362 505 506
f 506 507 352
f 506 352 362
f 351 352 507
f 750 540 556
f 540 529 556
f 556 529 523
f 567 556 523
f 569 567 523
f 570 569 523
f 588 439 570
f 570 523 588
f 693 131 186
f 106 156 98
f 160 155 107
f 109 190 157
f 157 190 96
f 156 106 107
f 148 92 100
f 149 150 100
f 333 48 320
f 436 437 438
f 57 436 58
f 61 436 62
f 439 436 438
f 48 436 439
f 48 62 436
f 61 58 436
f 568 438 437
f 320 48 416
f 416 48 439
f 419 337 320
f 425 422 419
f 347 432 416
f 432 353 416
f 435 416 439
f 441 442 435
f 719 720 678
f 435 693 441
f 693 678 441
f 720 738 678
f 738 441 678
f 353 425 320
f 425 419 320
f 416 353 320
f 435 439 693
f 131 693 588
f 439 588 693
f 589 440 590
f 131 440 199
f 197 199 440
f 131 588 440
f 601 589 598
f 588 590 440
f 589 590 598
f 600 602 601
f 598 600 601
f 349 427 430
f 350 351 348
f 351 721 444
f 745 742 733
f 742 739 733
f 739 736 733
f 733 729 714
f 733 714 721
f 721 714 443
f 721 745 733
f 349 430 350
f 348 420 350
f 420 349 350
f 296 348 351
f 319 296 351
f 319 351 2967
f 2967 318 319
f 721 443 132
f 443 691 132
f 63 318 2967
f 59 63 2967
f 56 59 2967
f 691 84 132
f 84 198 132
f 198 133 132
f 2967 351 444
f 132 444 721
f 2967 508 256
f 509 508 444
f 509 444 132
f 516 517 518
f 515 516 518
f 515 518 509
f 514 515 509
f 518 511 509
f 90 514 509
f 511 508 509
f 511 512 508
f 508 512 510
f 508 510 252
f 251 508 252
f 251 256 508
f 510 513 257
f 255 510 257
f 255 252 510
f 760 758 103
f 103 104 760
f 760 104 105
f 105 117 760
f 117 123 759
f 117 759 760
f 761 759 123
f 123 124 761
f 124 114 761
f 114 103 758
f 114 758 761
f 790 785 120
f 785 177 120
f 772 795 176
f 226 772 176
f 805 796 807
f 796 797 807
f 791 789 790
f 789 785 790
f 230 175 822
f 809 834 173
f 173 115 809
f 845 846 844
f 844 835 845
f 829 827 822
f 851 849 161
f 161 98 851
f 853 851 156
f 851 98 156
f 156 155 853
f 155 160 853
f 853 160 108
f 108 118 853
f 118 125 852
f 852 853 118
f 854 852 125
f 125 205 854
f 205 204 854
f 204 119 854
f 119 855 854
f 850 858 162
f 162 209 850
f 159 158 861
f 159 861 859
f 158 157 861
f 862 860 96
f 157 96 860
f 863 862 96
f 96 190 863
f 865 863 190
f 190 141 865
f 865 141 140
f 865 140 864
f 866 864 95
f 864 140 95
f 867 866 95
f 95 153 867
f 868 867 154
f 867 153 154
f 154 168 868
f 876 868 168
f 873 872 181
f 181 242 873
f 172 195 875
f 875 195 859
f 195 159 859
f 180 171 895
f 895 171 877
f 171 147 877
f 883 92 148
f 148 150 883
f 150 149 885
f 885 149 151
f 151 165 885
f 165 179 884
f 884 885 165
f 886 884 179
f 179 121 886
f 121 178 886
f 178 170 886
f 170 887 886
f 113 167 893
f 167 122 894
f 894 893 167
f 122 180 895
f 122 895 894
f 136 91 912
f 91 145 911
f 91 911 912
f 166 101 900
f 101 87 900
f 166 900 901
f 902 900 87
f 87 86 902
f 86 193 902
f 193 164 902
f 164 903 902
f 163 146 909
f 146 188 910
f 146 910 909
f 188 136 912
f 188 912 910
f 40 12 917
f 919 917 36
f 12 36 917
f 41 918 36
f 918 919 36
f 42 934 918
f 42 918 41
f 926 916 34
f 34 7 926
f 979 977 65
f 43 979 65
f 43 16 979
f 980 981 6
f 6 54 980
f 982 37 17
f 11 37 982
f 45 983 17
f 983 982 17
f 978 983 45
f 45 64 978
f 977 978 65
f 978 64 65
f 1042 1043 1008
f 1050 1052 1045
f 1012 1020 1043
f 1020 1011 1009
f 1009 1008 1043
f 1008 1007 1002
f 1007 1090 1002
f 1002 1038 1008
f 1008 1038 1042
f 1038 1034 1037
f 1037 1042 1038
f 1043 1045 1052
f 1052 1012 1043
f 1043 1020 1009
f 1002 1001 1038
f 1038 1001 1029
f 1086 1001 1019
f 1006 1004 1001
f 1004 1005 1001
f 1001 1005 1019
f 1019 1021 1086
f 1086 1021 1026
f 1022 1026 1021
f 1026 1027 1086
f 1001 1003 1006
f 1010 1019 1005
f 1021 1023 1022
f 1027 1088 1086
f 1009 1005 1004
f 1004 1008 1009
f 1080 1018 1016
f 1018 1017 1016
f 1081 1080 1016
f 1081 1016 1015
f 1075 1081 1015
f 1075 1015 1013
f 1074 1075 1013
f 1074 1013 1014
f 1073 1074 1014
f 1073 1014 1051
f 1072 1073 1051
f 1072 1051 1049
f 1070 1072 1049
f 1070 1049 1048
f 1069 1070 1048
f 1069 1048 1047
f 1068 1069 1047
f 1068 1047 1046
f 1067 1068 1046
f 1067 1046 1044
f 1066 1067 1044
f 1066 1044 1054
f 1065 1066 1054
f 1065 1054 1041
f 1064 1065 1040
f 1065 1041 1040
f 1063 1064 1039
f 1064 1040 1039
f 1062 1063 1036
f 1063 1039 1036
f 1061 1062 1035
f 1062 1036 1035
f 1060 1061 1033
f 1061 1035 1033
f 1058 1060 1032
f 1060 1033 1032
f 1059 1058 1031
f 1058 1032 1031
f 1029 1056 1055
f 1055 1059 1030
f 1059 1031 1030
f 1017 1019 1020
f 1021 1019 1017
f 1082 1021 1018
f 1083 1082 1077
f 1082 1076 1071
f 1077 1078 1025
f 1078 1079 1057
f 1057 1085 1078
f 1078 1085 1089
f 1089 1025 1078
f 1024 1084 1025
f 1077 1082 1071
f 1077 1025 1083
f 1087 1089 1085
f 1026 1025 1027
f 1089 1027 1025
f 1029 1001 1086
f 1044 1043 1042
f 1086 1085 1056
f 1057 1056 1085
f 1066 1078 1077
f 1083 1021 1082
f 1091 1485 1483
f 1093 1091 1483
f 1507 1506 1093
f 1483 1482 1481
f 1482 1479 1481
f 1507 1093 1483
f 1481 1507 1483
f 1093 1506 1096
f 1096 1095 1093
f 1506 1505 1096
f 1124 1091 1092
f 1091 1093 1092
f 1112 1113 1102
f 1102 1110 1112
f 1124 1092 1113
f 1092 1103 1104
f 1092 1104 1113
f 1102 1113 1104
f 1103 1092 1094
f 1094 1097 1103
f 1098 1097 1504
f 1506 1508 1505
f 1504 1511 1098
f 1097 1505 1504
f 1097 1098 1109
f 1098 1099 1109
f 1097 1106 1105
f 1105 1103 1097
f 1106 1097 1109
f 1517 1111 1516
f 1111 1099 1516
f 1110 1111 1517
f 1514 1516 1099
f 1099 1098 1513
f 1514 1099 1513
f 1513 1098 1471
f 1098 1511 1471
f 1511 1474 1471
f 1476 1474 1512
f 1478 1476 1512
f 1482 1478 1479
f 1510 1479 1478
f 1512 1510 1478
f 1542 1113 1119
f 1113 1112 1119
f 1114 1119 1112
f 1122 1121 1120
f 1123 1122 1117
f 1115 1116 1540
f 1115 1540 1123
f 1117 1115 1123
f 1120 1117 1122
f 1119 1114 1118
f 1129 1126 1486
f 1129 1486 1122
f 1125 1122 1486
f 1122 1123 1142
f 1123 1153 1151
f 1122 1142 1135
f 1151 1541 1123
f 1541 1142 1123
f 1262 1129 1122
f 1542 1119 1122
f 1122 1125 1542
f 1486 1126 1127
f 1486 1127 1488
f 1488 1487 1486
f 1127 1267 1488
f 1267 1268 1488
f 1232 1426 1237
f 1428 1411 1405
f 1405 1426 1210
f 1210 1426 1232
f 1429 1428 1405
f 1405 1210 1208
f 1430 1429 1405
f 1437 1430 1405
f 1438 1437 1405
f 1202 1438 1405
f 1405 1208 1204
f 1405 1204 1205
f 1201 1202 1405
f 1205 1201 1405
f 1232 1234 1210
f 1334 1327 1325
f 1426 1405 1334
f 1325 1426 1334
f 1405 1406 1407
f 1405 1407 1408
f 1405 1408 1409
f 1405 1409 1402
f 1335 1334 1405
f 1405 1402 1519
f 1405 1519 1520
f 1525 1335 1405
f 1405 1520 1521
f 1405 1521 1522
f 1371 1525 1405
f 1405 1522 1375
f 1405 1375 1374
f 1405 1374 1372
f 1405 1410 1473
f 1405 1473 1404
f 1403 1404 1475
f 1499 1395 1397
f 1497 1499 1477
f 1477 1492 1294
f 1473 1410 1472
f 1397 1477 1499
f 1473 1475 1404
f 1116 1518 1464
f 1464 1518 1468
f 1464 1467 1116
f 1469 1468 1518
f 1470 1469 1518
f 1411 1427 1432
f 1410 1405 1515
f 1405 1411 1515
f 1432 1515 1411
f 1470 1518 1432
f 1237 1426 1412
f 1471 1472 1410
f 1482 1483 1489
f 1483 1484 1489
f 1489 1492 1482
f 1487 1488 1484
f 1488 1489 1484
f 1289 1491 1488
f 1489 1490 1492
f 1515 1514 1513
f 3934 3933 3944
f 3933 1549 1550
f 3957 3956 3943
f 3956 3945 3943
f 3940 3944 3943
f 1550 3960 3933
f 3960 3957 3933
f 3957 3943 3944
f 2236 2235 2237
f 2238 2239 2236
f 2239 2282 2236
f 2236 2282 2281
f 2236 2237 2238
f 2398 2316 1774
f 2316 2315 1773
f 1774 2316 1773
f 2315 2236 2279
f 2281 2279 2236
f 1776 1775 2315
f 1775 1773 2315
f 2280 1783 2315
f 1783 1782 2315
f 2315 2279 2280
f 1782 1780 2315
f 1780 1778 2315
f 1907 1910 1908
f 1910 1911 1909
f 1914 1916 1905
f 1905 1909 1912
f 1909 1911 1912
f 1916 1914 1915
f 1915 1918 1917
f 1922 1921 1919
f 1922 1920 1951
f 1920 1913 1951
f 1913 1954 1952
f 1952 1954 1953
f 1955 1956 1957
f 1959 1958 1960
f 1960 1962 1961
f 1961 1962 1963
f 1963 1962 1965
f 1962 1964 1965
f 1964 1967 1965
f 1978 1980 1893
f 1964 1969 1967
f 1979 1981 1980
f 1980 1978 1979
f 2106 2154 2158
f 2114 2113 2110
f 2111 2103 2109
f 2143 2144 2145
f 2163 2162 2161
f 2079 2166 2080
f 2208 2210 2235
f 2210 2211 2213
f 2213 2215 2216
f 2216 2218 2213
f 2218 2219 2213
f 2219 2227 2228
f 2228 2229 2231
f 2231 2233 2235
f 2231 2235 2213
f 2235 2236 2208
f 2213 2235 2210
f 2219 2228 2213
f 2228 2231 2213
f 2207 2208 2236
f 2206 1844 2236
f 1844 2207 2236
f 2205 2206 2236
f 2204 2205 2236
f 3356 2202 3292
f 3341 3356 3292
f 3358 3356 3341
f 3361 3359 3342
f 3359 3358 3342
f 3360 3361 3346
f 3350 3360 3347
f 3347 3349 3350
f 3342 3346 3361
f 3341 3342 3358
f 3295 3294 2314
f 3294 3293 2314
f 3339 3295 2314
f 3298 3339 2314
f 3337 3299 2314
f 3299 3298 2314
f 3336 3337 4278
f 3331 3340 3336
f 3335 3334 2506
f 3334 3331 2506
f 2506 2507 3335
f 2504 2505 2506
f 2498 2500 2504
f 4278 4277 2498
f 2314 4278 3337
f 4278 2498 3331
f 2498 2504 3331
f 2504 2506 3331
f 3331 3336 4278
f 2314 3293 3292
f 3346 3347 3360
f 2202 2204 2236
f 3292 2202 2314
f 2318 2319 2439
f 2438 2434 2317
f 2434 2442 2317
f 2318 2439 2438
f 4278 2314 4279
f 2314 2317 2482
f 4279 2314 2494
f 2317 2318 2438
f 2442 2443 2317
f 2443 2444 2317
f 2494 2314 2487
f 2486 2487 2314
f 2486 2314 2484
f 2445 2480 2317
f 2480 2481 2317
f 2317 2444 2445
f 2484 2314 2482
f 2710 2714 3315
f 2774 2773 2786
f 2792 2783 2782
f 2861 2863 2857
f 2887 2890 2891
f 2934 2933 2889
f 2902 2903 2905
f 2910 2912 2909
f 2921 2922 2928
f 2935 2932 2931
f 3139 3118 3138
f 3139 3141 3118
f 3118 3141 3116
f 3141 3143 3116
f 3116 3143 3093
f 3115 3116 3093
f 3114 3115 3098
f 3102 3113 3098
f 3102 3104 3113
f 3098 3099 3102
f 3093 3094 3115
f 3098 3113 3114
f 3143 3145 4014
f 3094 3098 3115
f 3093 3143 4014
f 3158 3177 4014
f 3145 3158 4014
f 3177 3178 3091
f 3177 3091 4014
f 3178 3180 3090
f 3091 3178 3090
f 3090 3180 2972
f 3180 3183 2972
f 3086 3090 4018
f 2972 4018 3090
f 3183 2969 2971
f 2972 3183 2971
f 2969 4199 2971
f 4199 2969 2967
f 2969 2968 2967
f 2967 4196 4198
f 2967 4198 4199
f 132 3140 3139
f 3139 3138 132
f 3138 3783 132
f 3161 3162 3175
f 3161 3175 3176
f 3160 3161 3176
f 3172 3175 3162
f 3162 3171 3172
f 3177 3158 3160
f 4001 3202 3201
f 3388 3390 3387
f 3401 3402 3403
f 3415 3414 3410
f 3429 3428 3430
f 3440 3438 3442
f 3461 3459 3458
f 4013 4014 3092
f 4079 4080 4111
f 4098 4101 4099
f 4104 4105 4110
f 4283 4282 4281
f 4284 4282 4283
f 4288 4289 4304
f 4292 4294 4289
f 4294 4296 4297
f 4297 4301 4294
f 4301 4302 4294
f 4304 4289 4302
f 4336 4334 4331
f 4336 4331 4333
f 4331 4332 4333
f 4333 4320 4321
f 4321 4362 4361
f 4359 4336 4333
f 4361 4359 4333
f 4333 4321 4361
f 4325 4326 4505
f 4323 4325 4505
f 4322 4320 4323
f 4493 4496 4322
f 4475 4477 4478
f 4476 4475 4478
f 4478 4479 4481
f 4487 4489 4492
f 4322 4323 4505
f 4322 4505 4504
f 4492 4493 4322
f 4481 4483 4492
f 4483 4487 4492
f 4498 4476 4478
f 4498 4478 4481
f 4492 4322 4504
f 4481 4492 4504
f 4498 4481 4504
f 4499 4498 4504
f 4499 4504 4500
f 4503 4502 4501
f 4501 4500 4504
f 4503 4501 4504
f 4326 4325 4324
f 4327 4342 4328
f 4328 4342 4341
f 4331 4334 4335
f 4342 4327 4335
f 4337 4342 4335
f 4337 4339 4342
f 4331 4335 4327
f 4327 4329 4331
f 4338 4336 4359
f 4339 4337 4354
f 4339 4354 4344
f 4345 4344 4354
f 4347 4506 4345
f 4463 4347 4345
f 4473 4475 4476
f 4476 4498 4499
f 4502 4503 4504
f 4504 4505 4326
f 4473 4476 4500
f 4476 4499 4500
f 4502 4504 4506
f 4504 4326 4506
f 4469 4470 4473
f 4500 4501 4502
f 4506 4346 4465
f 4466 4467 4473
f 4467 4469 4473
f 4473 4500 4506
f 4500 4502 4506
f 4506 4465 4466
f 4472 4471 4417
f 4480 4404 4405
f 4482 4480 4406
f 4488 4486 4413
f 4365 4488 4413
f 4490 4488 4365
f 4461 4490 4365
f 4491 4490 4461
f 4494 4491 4364
f 4497 4362 4321
f 4464 4347 4348
f 4461 4364 4491
f 4468 4421 4422
f 4485 4413 4486
f 4471 4424 4417
f 4406 4414 4482
f 4472 4417 4416
f 4405 4406 4480
f 4474 4416 4403
f 4460 4459 4434
f 4459 4369 4382
f 4382 4371 4450
f 4369 4370 4382
f 4370 4371 4382
f 4371 4457 4450
f 4457 4458 4450
f 4458 4452 4450
f 4452 4453 4450
f 4459 4382 4427
f 4355 4460 4354
f 4338 4359 4354
f 4353 4354 4460
f 4434 4353 4460
f 4427 4434 4459
f 4439 4382 4440
f 4435 4427 4382
f 4438 4435 4382
f 4442 4438 4382
f 4437 4442 4382
f 4439 4437 4382
f 4390 4382 4389
f 4390 4440 4382
f 4359 4355 4354
f 4382 4388 4389
f 4509 4588 4583
f 4583 4581 4509
f 4578 4575 4570
f 4543 4545 4574
f 4545 4548 4551
f 4552 4574 4545
f 4551 4552 4545
f 4575 4541 4543
f 4581 4589 4578
f 4584 4583 4586
f 4586 4583 4588
f 4508 4509 4571
f 4575 4543 4574
f 4581 4578 4509
f 4571 4509 4578
f 4574 4569 4570
f 4574 4570 4575
f 4567 4555 4572
f 4555 4564 4524
f 4572 4555 4524
f 4564 4563 4523
f 4524 4564 4523
f 4563 4560 4525
f 4510 4572 4524
f 4560 4559 4526
f 4572 4510 4573
f 4559 4561 4527
f 4561 4562 4530
f 4535 4534 4533
f 4535 4533 4514
f 4536 4535 4532
f 4535 4514 4532
f 4537 4536 4531
f 4536 4532 4531
f 4562 4537 4531
f 4562 4531 4529
f 4562 4529 4530
f 4530 4527 4561
f 4527 4526 4559
f 4526 4525 4560
f 4525 4523 4563
f 4510 4524 4522
f 4521 4510 4522
f 4522 4520 4521
f 4521 4520 4582
f 4515 4577 4580
f 4577 4513 4580
f 4580 4582 4520
f 4582 4585 4590
f 4590 4587 4582
f 4582 4587 4521
f 4587 4512 4511
f 4511 4521 4587
f 4520 4519 4518
f 4518 4515 4520
f 4579 4580 4513
f 4520 4515 4580
f 4540 4575 4534
f 4575 4578 4533
f 4514 4533 4576
f 4533 4534 4575
f 4578 4576 4533
f 4576 4577 4514
f 4515 4514 4577
f 4540 4539 4556
f 4539 4557 4556
f 4556 4566 4547
f 4566 4554 4553
f 4553 4550 4566
f 4566 4550 4546
f 4546 4547 4566
f 4544 4542 4547
f 4556 4547 4540
f 4549 4546 4550
f 4539 4540 4534
f 4543 4547 4546
f 4545 4543 4546
f 4574 4552 4550
f 4550 4553 4574
f 4566 4556 4555
f 4567 4566 4555
f 4571 4570 4567
f 4583 4582 4580
f 4581 4583 4580
f 4587 4590 4588
f 4509 4587 4588
f 4603 4600 4599
f 4592 4591 4604
f 4604 4603 4592
f 4603 4599 4596
f 4599 4598 4596
f 4598 4597 4596
f 4596 4594 4603
f 4617 4615 4614
f 4619 4617 4607
f 4620 4619 4607
f 4620 4605 4622
f 4620 4607 4605
f 4617 4614 4607
f 4605 4613 4622
f 4623 4622 4613
f 4625 4623 4613
f 4610 4626 4625
f 4615 4626 4610
f 4614 4615 4610
f 4613 4610 4625
f 4618 4621 4612
f 4616 4618 4614
f 4627 4616 4608
f 4608 4616 4614
f 4606 4618 4612
f 4606 4614 4618
f 4624 4627 4609
f 4609 4627 4608
f 4624 4611 4623
f 4621 4623 4611
f 4611 4612 4621
f 4611 4624 4609
f 4630 4629 4601
f 4601 4600 4630
f 4631 4630 4600
f 4632 4631 4599
f 4633 4632 4598
f 4635 4633 4597
f 4595 4628 4635
f 4596 4595 4635
f 4598 4632 4599
f 4597 4596 4635
f 4631 4600 4599
f 4598 4597 4633
f 4635 4628 4593
f 4593 4592 4635
f 4634 4635 4592
f 4636 4634 4592
f 4637 4636 4591
f 4638 4637 4604
f 4630 4638 4603
f 4602 4629 4630
f 4603 4602 4630
f 4604 4603 4638
f 4636 4592 4591
f 4591 4604 4637
f 4634 4596 4635
f 4633 4635 4597
f 4632 4633 4598
f 4631 4632 4599
f 4630 4631 4600
f 4603 4630 4600
f 4600 4631 4599
f 4599 4632 4598
f 4635 4596 4597
f 4633 4597 4598
f 4638 4630 4603
f 4637 4638 4604
f 4636 4637 4591
f 4634 4636 4592
f 4594 4596 4634
f 4603 4604 4638
f 4592 4594 4634
f 4637 4604 4591
f 4591 4592 4636
f 4626 4615 4625
f 4615 4617 4619
f 4620 4622 4619
f 4622 4623 4619
f 4623 4625 4619
f 4654 4652 4656
f 4650 4664 4661
f 4661 4660 4658
f 4652 4650 4661
f 4661 4658 4652
f 4651 4653 4663
f 4653 4655 4663
f 4657 4659 4662
f 4655 4657 4662
f 347 416 415
f 284 278 292
f 285 277 278
f 292 280 293
f 307 279 280
f 282 275 273
f 301 274 275
f 299 270 271
f 266 255 257
f 341 433 434
f 345 434 347
f 260 249 544
f 258 249 260
f 564 581 571
f 68 572 587
f 52 7 33
f 47 315 321
f 321 327 325
f 325 327 332
f 74 72 2
f 2 265 51
f 561 549 559
f 60 14 41
f 60 36 8
f 12 34 8
f 50 21 25
f 18 45 77
f 81 15 61
f 315 333 328
f 315 330 321
f 563 550 557
f 557 547 551
f 1 52 50
f 558 581 564
f 583 577 582
f 578 438 575
f 578 575 576
f 571 578 576
f 571 576 577
f 587 572 585
f 76 9 5
f 334 281 294
f 314 322 323
f 55 256 74
f 2 72 265
f 559 259 544
f 250 258 261
f 267 268 258
f 579 569 574
f 586 583 573
f 4 585 586
f 53 4 28
f 28 5 53
f 328 313 335
f 328 335 331
f 431 427 428
f 426 423 424
f 353 428 426
f 427 349 426
f 417 299 303
f 423 420 421
f 417 303 282
f 285 417 282
f 418 421 417
f 418 285 336
f 424 421 422
f 419 422 418
f 419 336 337
f 425 353 424
f 347 429 432
f 429 434 431
f 433 430 431
f 420 348 417
f 417 348 299
f 318 63 64
f 72 251 264
f 264 251 261
f 255 266 250
f 258 253 249
f 545 543 546
f 545 546 560
f 560 546 548
f 548 554 547
f 620 554 621
f 566 543 249
f 510 617 513
f 625 749 756
f 727 442 746
f 723 746 745
f 688 668 715
f 715 730 717
f 730 718 717
f 677 718 678
f 744 441 741
f 740 743 741
f 743 740 739
f 731 735 732
f 737 735 734
f 740 737 736
f 441 738 737
f 738 720 735
f 735 720 732
f 659 684 653
f 657 683 682
f 661 686 685
f 662 676 686
f 658 685 683
f 660 682 684
f 650 679 647
f 648 647 665
f 616 512 747
f 246 120 231
f 224 218 119
f 181 129 125
f 708 704 707
f 709 701 705
f 695 701 712
f 703 698 701
f 701 698 705
f 692 696 697
f 237 235 201
f 692 185 696
f 698 692 700
f 187 85 206
f 638 535 524
f 524 645 638
f 522 531 521
f 542 628 631
f 645 522 627
f 645 642 638
f 638 643 533
f 522 524 531
f 542 520 629
f 628 630 631
f 631 632 633
f 645 646 642
f 163 193 146
f 533 535 638
f 530 536 526
f 537 536 535
f 533 538 537
f 527 536 537
f 527 539 532
f 527 134 539
f 159 195 158
f 157 108 109
f 239 168 114
f 211 212 92
f 180 117 171
f 104 139 93
f 106 97 190
f 137 189 88
f 207 88 87
f 100 92 101
f 87 101 207
f 112 165 166
f 127 179 202
f 127 121 179
f 113 216 102
f 178 167 170
f 122 127 180
f 128 123 180
f 123 128 124
f 692 129 128
f 129 205 125
f 699 186 698
f 186 245 129
f 129 203 205
f 205 203 204
f 203 228 204
f 204 229 119
f 191 189 137
f 174 243 175
f 226 177 199
f 111 440 144
f 191 89 189
f 189 615 85
f 528 526 525
f 629 635 628
f 635 752 628
f 635 757 752
f 753 747 751
f 634 518 630
f 517 626 518
f 646 640 642
f 516 637 640
f 514 639 644
f 198 145 133
f 133 91 90
f 145 91 133
f 198 84 169
f 237 201 84
f 443 714 663
f 653 681 680
f 653 680 713
f 681 655 654
f 654 689 670
f 685 655 681
f 719 678 718
f 732 719 730
f 677 717 718
f 675 715 717
f 730 715 668
f 730 668 716
f 731 730 729
f 663 714 716
f 734 731 733
f 729 716 714
f 736 734 733
f 745 743 742
f 746 744 743
f 440 99 144
f 588 591 590
f 598 599 600
f 598 593 599
f 613 612 609
f 523 603 591
f 613 596 612
f 601 606 589
f 589 611 440
f 89 99 597
f 610 615 614
f 612 135 615
f 541 625 635
f 755 749 754
f 616 621 510
f 619 620 618
f 565 750 556
f 523 525 603
f 574 439 438
f 575 438 568
f 58 76 57
f 293 283 290
f 287 270 269
f 299 269 270
f 300 271 272
f 274 272 288
f 302 272 274
f 304 273 276
f 306 276 286
f 286 276 289
f 308 286 279
f 293 279 286
f 293 286 305
f 309 280 277
f 290 292 293
f 284 291 310
f 312 291 335
f 311 291 312
f 337 295 320
f 432 428 353
f 347 410 346
f 346 412 403
f 345 408 405
f 345 405 404
f 343 401 400
f 344 389 388
f 342 393 392
f 340 384 381
f 341 372 379
f 339 376 357
f 339 367 366
f 338 369 368
f 338 365 364
f 506 721 507
f 505 721 506
f 504 721 505
f 503 722 504
f 502 722 503
f 501 722 502
f 500 722 501
f 499 722 500
f 498 722 499
f 496 722 497
f 495 723 496
f 494 723 495
f 493 723 494
f 492 723 493
f 491 723 492
f 490 723 491
f 489 723 490
f 488 723 489
f 487 724 488
f 486 724 487
f 485 724 486
f 484 724 485
f 483 724 484
f 482 724 483
f 481 724 482
f 480 724 481
f 479 725 480
f 478 725 479
f 477 725 478
f 475 725 476
f 474 725 475
f 473 725 474
f 472 726 473
f 471 726 472
f 470 726 471
f 469 726 470
f 468 726 469
f 467 726 468
f 466 726 467
f 465 726 466
f 464 727 465
f 463 727 464
f 462 727 463
f 461 727 462
f 460 727 461
f 459 727 460
f 458 727 459
f 457 727 458
f 456 728 457
f 453 728 454
f 452 728 453
f 451 728 452
f 450 728 451
f 449 728 450
f 448 728 449
f 447 435 448
f 446 435 447
f 445 435 446
f 338 362 350
f 338 350 433
f 323 326 319
f 16 59 56
f 16 56 55
f 88 762 137
f 137 769 208
f 779 778 111
f 210 781 780
f 225 783 782
f 200 789 776
f 790 120 246
f 808 798 797
f 802 803 800
f 808 802 800
f 815 222 816
f 142 819 818
f 220 826 819
f 126 814 813
f 174 833 832
f 844 846 836
f 161 849 848
f 855 119 218
f 218 856 855
f 219 858 857
f 247 872 871
f 869 870 876
f 212 881 880
f 152 92 883
f 215 890 889
f 112 166 901
f 234 898 899
f 238 905 116
f 194 163 909
f 923 950 15
f 9 949 944
f 27 921 937
f 46 927 930
f 60 945 946
f 8 941 945
f 30 938 941
f 71 932 938
f 32 916 929
f 14 946 947
f 966 954 963
f 969 957 968
f 975 963 964
f 987 988 55
f 995 989 23
f 70 996 980
f 29 993 992
f 10 994 993
f 1005 1009 1011
f 1017 1020 1012
f 1052 1013 1015
f 1052 1014 1013
f 1012 1015 1016
f 1017 1012 1016
f 1021 1024 1023
f 1024 1022 1023
f 1038 1029 1030
f 1034 1033 1035
f 1037 1035 1036
f 1037 1036 1039
f 1037 1039 1040
f 1037 1041 1042
f 1045 1046 1047
f 1053 1047 1048
f 1050 1048 1049
f 1050 1049 1051
f 1050 1051 1014
f 1057 1061 1060
f 1079 1062 1061
f 1079 1063 1062
f 1079 1064 1063
f 1078 1065 1064
f 1078 1066 1065
f 1067 1077 1068
f 1071 1069 1077
f 1071 1072 1070
f 1071 1073 1072
f 1076 1074 1073
f 1076 1075 1074
f 1080 1082 1018
f 1082 1080 1081
f 1082 1081 1075
f 1021 1083 1084
f 1057 1055 1056
f 1087 1088 1089
f 1092 1095 1094
f 1097 1094 1096
f 1111 1107 1100
f 1102 1104 1101
f 1109 1108 1106
f 1111 1101 1107
f 1517 1518 1112
f 1114 1116 1115
f 1120 1118 1114
f 1121 1118 1120
f 1486 1091 1124
f 1127 1126 1128
f 1129 1263 1126
f 1130 1131 1239
f 1134 1135 1138
f 1136 1132 1133
f 1137 1138 1139
f 1139 1140 1143
f 1142 1138 1135
f 1143 1141 1145
f 1541 1140 1142
f 1144 1145 1146
f 1531 1143 1144
f 1146 1147 1148
f 1145 1150 1147
f 1149 1148 1147
f 1152 1147 1150
f 1151 1141 1541
f 1153 1150 1151
f 1539 1156 1154
f 1154 1149 1152
f 1156 1467 1466
f 1462 1158 1157
f 1157 1160 1149
f 1159 1163 1160
f 1460 1164 1162
f 1162 1166 1163
f 1164 1165 1162
f 1165 1169 1166
f 1167 1168 1165
f 1168 1173 1169
f 1170 1171 1168
f 1171 1211 1173
f 1176 1171 1174
f 1176 1175 1178
f 1174 1458 1175
f 1176 1210 1172
f 1177 1176 1178
f 1175 1179 1178
f 1209 1178 1179
f 1208 1179 1180
f 1181 1180 1179
f 1182 1183 1181
f 1458 1181 1175
f 1187 1183 1184
f 1185 1180 1183
f 1185 1190 1186
f 1187 1188 1185
f 1191 1189 1188
f 1188 1206 1190
f 1195 1191 1187
f 1193 1192 1191
f 1194 1196 1193
f 1454 1193 1195
f 1199 1196 1197
f 1196 1200 1192
f 1201 1199 1202
f 1205 1198 1201
f 1200 1189 1192
f 1203 1206 1189
f 1204 1190 1206
f 1210 1177 1208
f 1172 1210 1211
f 1210 1213 1212
f 1216 1212 1213
f 1173 1212 1214
f 1217 1214 1216
f 1169 1214 1215
f 1218 1213 1220
f 1218 1217 1216
f 1221 1219 1218
f 1223 1218 1220
f 1236 1221 1223
f 1227 1224 1221
f 1228 1225 1224
f 1224 1534 1219
f 1229 1228 1222
f 1230 1532 1225
f 1232 1222 1233
f 1234 1223 1220
f 1210 1220 1213
f 1233 1222 1235
f 1245 1242 1415
f 1246 1245 1244
f 1249 1252 1243
f 1247 1423 1422
f 1246 1248 1420
f 1251 1250 1421
f 1252 1251 1242
f 1253 1255 1242
f 1253 1251 1254
f 1255 1254 1257
f 1241 1257 1259
f 1254 1425 1424
f 1257 1258 1264
f 1260 1265 1259
f 1261 1259 1128
f 1127 1266 1267
f 1269 1273 1272
f 1271 1272 1274
f 1273 1275 1272
f 1272 1278 1274
f 1276 1277 1275
f 1275 1280 1278
f 1274 1279 1284
f 1278 1282 1279
f 1281 1282 1280
f 1277 1281 1280
f 1289 1279 1282
f 1285 1274 1284
f 1286 1287 1288
f 1289 1283 1290
f 1294 1289 1290
f 1290 1281 1291
f 1292 1291 1295
f 1293 1292 1295
f 1296 1295 1297
f 1295 1300 1297
f 1299 1297 1298
f 1297 1301 1298
f 1300 1303 1301
f 1291 1302 1300
f 1303 1277 1305
f 1301 1304 1347
f 1306 1303 1305
f 1308 1305 1276
f 1527 1306 1307
f 1307 1308 1310
f 1311 1308 1309
f 1309 1276 1273
f 1315 1310 1311
f 1312 1307 1310
f 1328 1312 1314
f 1316 1312 1315
f 1318 1316 1315
f 1319 1315 1311
f 1320 1322 1317
f 1321 1311 1309
f 1323 1309 1273
f 1326 1327 1316
f 1327 1314 1316
f 1334 1328 1314
f 1334 1329 1328
f 1328 1330 1313
f 1334 1331 1329
f 1332 1329 1331
f 1343 1331 1333
f 1334 1333 1331
f 1336 1339 1337
f 1340 1338 1341
f 1338 1339 1366
f 1334 1340 1333
f 1340 1343 1333
f 1341 1526 1342
f 1342 1343 1341
f 1344 1332 1343
f 1346 1345 1344
f 1348 1344 1342
f 1298 1347 1346
f 1350 1346 1348
f 1342 1349 1348
f 1348 1349 1352
f 1351 1352 1353
f 1353 1354 1355
f 1349 1354 1352
f 1354 1390 1355
f 1357 1356 1354
f 1349 1358 1357
f 1358 1359 1357
f 1359 1385 1356
f 1361 1360 1359
f 1363 1362 1361
f 1366 1361 1358
f 1366 1364 1363
f 1363 1368 1365
f 1526 1366 1358
f 1362 1367 1379
f 1365 1369 1367
f 1525 1368 1364
f 1525 1369 1368
f 1367 1370 1381
f 1371 1370 1369
f 1372 1376 1373
f 1374 1377 1376
f 1380 1376 1377
f 1381 1376 1378
f 1383 1378 1380
f 1379 1381 1378
f 1370 1373 1381
f 1384 1380 1382
f 1380 1524 1382
f 1360 1379 1383
f 1385 1383 1384
f 1389 1384 1386
f 1386 1382 1388
f 1391 1386 1387
f 1387 1388 1399
f 1390 1391 1392
f 1356 1389 1390
f 1392 1393 1394
f 1393 1387 1396
f 1395 1394 1393
f 1395 1396 1397
f 1396 1399 1398
f 1397 1400 1475
f 1398 1401 1400
f 1400 1520 1402
f 1409 1408 1406
f 1237 1413 1414
f 1416 1238 1414
f 1238 1416 1247
f 1413 1412 1417
f 1426 1418 1412
f 1419 1423 1417
f 1250 1420 1421
f 1423 1419 1248
f 1421 1268 1260
f 1251 1425 1254
f 1325 1324 1268
f 1437 1434 1431
f 1433 1434 1435
f 1435 1436 1439
f 1438 1434 1437
f 1202 1436 1438
f 1439 1199 1197
f 1442 1439 1440
f 1440 1197 1194
f 1444 1440 1441
f 1441 1194 1454
f 1443 1435 1442
f 1445 1442 1444
f 1445 1446 1447
f 1444 1449 1446
f 1447 1448 1465
f 1446 1450 1448
f 1449 1452 1450
f 1441 1451 1449
f 1451 1455 1452
f 1454 1453 1451
f 1453 1182 1455
f 1195 1184 1453
f 1456 1182 1458
f 1452 1456 1457
f 1164 1460 1457
f 1170 1456 1458
f 1459 1452 1457
f 1158 1462 1461
f 1448 1459 1461
f 1463 1448 1461
f 1155 1466 1463
f 1468 1463 1464
f 1466 1464 1463
f 1116 1467 1156
f 1469 1465 1468
f 1470 1447 1469
f 1470 1443 1445
f 1432 1433 1443
f 1473 1474 1476
f 1397 1476 1478
f 1478 1492 1477
f 1501 1480 1510
f 1484 1483 1485
f 1487 1484 1485
f 1091 1487 1485
f 1489 1491 1490
f 1491 1492 1490
f 1477 1493 1494
f 1500 1495 1494
f 1497 1494 1496
f 1495 1496 1494
f 1499 1496 1394
f 1498 1394 1496
f 1353 1498 1495
f 1355 1392 1498
f 1299 1353 1495
f 1481 1480 1503
f 1503 1502 1509
f 1505 1503 1504
f 1505 1508 1503
f 1504 1509 1511
f 1509 1502 1512
f 1501 1510 1502
f 1503 1480 1501
f 1432 1516 1515
f 1518 1517 1432
f 1112 1518 1114
f 1521 1401 1523
f 1522 1523 1524
f 1399 1523 1401
f 1388 1524 1523
f 1375 1524 1377
f 1336 1364 1339
f 1347 1527 1345
f 1345 1330 1332
f 1330 1307 1313
f 1528 1139 1531
f 1530 1531 1532
f 1532 1144 1533
f 1225 1533 1534
f 1534 1535 1536
f 1533 1146 1535
f 1535 1538 1536
f 1535 1148 1537
f 1163 1538 1537
f 1160 1537 1148
f 1217 1538 1215
f 1166 1215 1538
f 1534 1217 1219
f 1207 1180 1186
f 1204 1186 1190
f 1539 1123 1540
f 1125 1113 1542
f 1553 1603 1544
f 1549 1551 1550
f 1549 1543 1551
f 1556 3954 3961
f 3959 1555 3951
f 1557 1556 1559
f 1545 1603 1553
f 3926 1561 3928
f 1560 4319 1561
f 1560 1562 1565
f 1563 1562 1561
f 3074 1562 1563
f 1564 1565 1562
f 1565 1566 4319
f 1567 1566 1565
f 1570 1567 1564
f 1569 1568 1567
f 4041 1569 1570
f 1571 1572 1569
f 1573 1574 1572
f 1572 1576 1568
f 1575 1580 1578
f 1568 1577 1566
f 1577 1578 1579
f 1579 1581 1583
f 1578 1582 1581
f 1581 1586 1584
f 1583 1584 1585
f 1587 1602 1585
f 1588 1587 1584
f 1587 1588 1589
f 1590 1591 1593
f 1591 1590 1586
f 1601 1597 1598
f 1587 1601 1602
f 4317 1583 1585
f 4317 1579 1583
f 4118 1609 1606
f 1611 1610 1615
f 1611 1615 1612
f 3490 1614 4273
f 4273 1617 1616
f 3490 1616 1619
f 4227 1616 1617
f 1618 1619 1616
f 1620 1621 1619
f 3490 1619 1621
f 1621 1623 3490
f 1625 1659 1624
f 1626 1627 1629
f 1628 1651 1630
f 1624 1628 1627
f 1629 1649 1631
f 1631 1634 1632
f 1634 1637 1635
f 1635 1639 1636
f 3501 1635 1636
f 1631 1638 1637
f 1637 1641 1639
f 1636 1640 3504
f 1639 1642 1640
f 1641 1645 1642
f 1638 1643 1641
f 1643 3595 1645
f 1646 1644 1643
f 1649 1646 1638
f 1648 1647 1646
f 1630 1648 1649
f 1651 1650 1648
f 1656 1653 1652
f 1652 1655 1650
f 1657 3611 1654
f 1653 3610 1655
f 1659 1656 1628
f 1658 1657 1656
f 1625 1658 1659
f 1661 1660 1658
f 1623 1661 1625
f 1663 1662 1661
f 1665 1623 1622
f 1666 1663 1665
f 1620 1665 1622
f 1667 1666 1665
f 1669 1620 1618
f 1671 1667 1669
f 1673 1669 1670
f 1670 1618 4227
f 1672 1668 1671
f 1674 1671 1673
f 1675 1670 1676
f 1675 1674 1673
f 1679 1675 1676
f 1680 1677 1675
f 1681 1679 1682
f 1684 1678 1681
f 1683 1682 4239
f 1685 1681 1683
f 1684 1689 1680
f 1685 1686 1684
f 1686 1690 1689
f 1688 1687 1686
f 1690 1693 1677
f 1687 1691 1690
f 1694 1692 1691
f 1692 1708 1693
f 1698 1694 1687
f 1696 1695 1694
f 4253 1696 1698
f 1697 1699 1696
f 1700 1701 1699
f 1699 1704 1695
f 1702 1703 1701
f 1701 1705 1704
f 1695 1706 1692
f 1704 1707 1706
f 1707 1709 1708
f 1693 1710 1711
f 1708 2356 1710
f 1711 1712 1713
f 1710 1714 1712
f 1713 1715 1716
f 1712 1714 1715
f 1716 1717 1718
f 1715 1719 1717
f 1717 1723 1718
f 1719 1720 1717
f 1720 1725 1723
f 1722 1721 1720
f 1718 1724 4314
f 1723 1726 1724
f 1725 1728 1726
f 1721 1727 1725
f 1727 1731 1728
f 1729 1730 1727
f 1730 1733 1736
f 1732 2410 1734
f 1734 1735 1733
f 1733 1737 1736
f 1736 1740 1738
f 1731 1738 1739
f 1738 1741 1739
f 1741 1742 1743
f 1737 1742 1740
f 1742 3605 1743
f 1745 1744 1742
f 1735 1745 1737
f 1746 1747 1745
f 1749 1748 1747
f 1747 3604 1744
f 1750 1751 1749
f 2407 1749 1746
f 1752 1753 1754
f 3615 1748 1751
f 1760 1753 1755
f 1757 1753 1750
f 1759 1755 1756
f 2378 1755 1757
f 1758 1764 1761
f 1752 1754 1761
f 1761 1802 1762
f 1764 1763 1761
f 2404 1766 1764
f 1766 1765 1764
f 1767 1769 1766
f 2403 2402 1767
f 1769 1797 1765
f 1771 1770 1769
f 1773 1767 1774
f 1775 1771 1773
f 1776 1772 1775
f 1778 1777 1776
f 1780 1779 1778
f 1782 1781 1780
f 1783 1784 1782
f 1784 1787 1786
f 1781 1786 1789
f 1786 2270 1788
f 1789 1788 1790
f 1779 1789 1791
f 1791 1790 1793
f 1777 1791 1792
f 1792 1793 1795
f 1793 2284 1794
f 1795 1794 1796
f 1797 1796 1798
f 1770 1795 1797
f 1765 1798 1763
f 1798 1801 1799
f 1763 1799 1802
f 1799 2289 1800
f 1802 1800 1803
f 1762 1803 1804
f 1803 1807 1805
f 1804 1805 1806
f 1806 1808 1809
f 1805 1811 1808
f 1809 1810 3587
f 1808 1812 1810
f 1807 1813 1811
f 1811 1814 1812
f 1813 1817 1814
f 1815 1816 1813
f 1816 1822 1817
f 1818 1819 1816
f 1821 1820 1819
f 1819 1823 1822
f 1817 1824 1825
f 1822 1827 1824
f 1825 1826 3580
f 1824 1828 1826
f 1827 1831 1828
f 1823 1829 1827
f 1830 1832 1829
f 1829 1835 1831
f 1833 1834 1832
f 1832 1836 1835
f 1840 1831 1835
f 1840 1835 1836
f 1834 1837 1836
f 1840 1837 1838
f 1839 1838 1837
f 2311 1838 1841
f 1846 1842 1844
f 2187 1848 1847
f 2186 1850 1849
f 1854 1850 1853
f 1857 1853 2182
f 1855 2178 2174
f 1856 1854 1857
f 1860 1856 1857
f 1859 1858 1856
f 1862 1861 1859
f 1865 1862 1860
f 1864 1863 1862
f 1866 1867 1864
f 1867 3572 1863
f 1869 1868 1867
f 2027 1869 1866
f 1870 1871 1869
f 1871 3574 1868
f 1873 1872 1871
f 1875 1876 1882
f 1877 1873 1870
f 1879 1875 1877
f 1878 1870 2027
f 1880 1879 1877
f 1880 1996 1995
f 1881 1876 1879
f 1883 1885 1884
f 1892 1889 1893
f 1894 1893 1895
f 1902 1901 2055
f 1902 1921 1901
f 1917 1903 1916
f 1909 1905 1908
f 1907 1906 1992
f 1904 1917 1918
f 1934 1932 1928
f 1921 1923 1924
f 1924 1925 1926
f 1926 1927 4311
f 1930 2018 1929
f 1932 1930 1929
f 1935 1936 1930
f 1940 1941 1931
f 1942 1945 1943
f 1946 1948 1945
f 1947 1946 1922
f 1998 1948 1949
f 1950 1949 1952
f 1889 1888 1959
f 1965 1973 1893
f 1990 1991 1989
f 1900 1993 3545
f 1957 1888 1995
f 1994 1996 1997
f 1997 1880 1999
f 1998 1997 1999
f 1999 2004 2001
f 2000 2001 2003
f 2001 1878 2002
f 2003 2002 2005
f 2006 2005 2008
f 2011 2000 2003
f 2010 2006 2007
f 2007 2008 2020
f 2012 2009 2010
f 2015 2011 2012
f 2013 2000 2011
f 2016 2014 2013
f 2017 2013 2015
f 1943 2016 2017
f 1945 1998 2016
f 1931 2017 2018
f 2018 2012 2019
f 1929 2019 4313
f 2019 2007 4313
f 2020 2008 2021
f 4313 2023 2022
f 2023 2028 2168
f 2024 2025 1865
f 2005 2002 2025
f 2021 2024 2023
f 2008 2026 2021
f 2025 1866 1865
f 2002 2027 2025
f 2023 1860 2028
f 2035 2031 2032
f 2033 2030 2031
f 2036 2034 2033
f 2039 2033 2035
f 2037 2038 2036
f 2041 2036 2039
f 2040 2035 2058
f 2043 2039 2040
f 2042 2037 2041
f 2044 2041 2043
f 2045 2040 2046
f 2047 2043 2045
f 2048 2045 2046
f 2050 2047 2048
f 2049 2044 2047
f 2054 2049 2050
f 2052 2051 2049
f 1901 2053 2052
f 2055 2052 2054
f 2061 2050 2048
f 2046 2058 2056
f 2056 2059 2057
f 2058 2032 2059
f 2059 2029 2060
f 2029 2129 2130
f 2062 2063 3422
f 2063 2065 3422
f 3422 2065 2064
f 2065 2067 2064
f 3444 2064 2067
f 2066 2069 2067
f 2073 2067 2069
f 2136 2072 2069
f 2071 2070 2069
f 2074 2073 2076
f 2078 2073 2075
f 2084 2086 2082
f 3369 3435 3436
f 2189 2098 2099
f 2090 2089 2098
f 2097 2090 2098
f 2183 2102 2103
f 2103 2102 2104
f 2104 2102 2088
f 2104 2088 2148
f 2106 2108 2104
f 2109 2110 2111
f 2112 2111 2113
f 2116 2120 2118
f 2119 2183 2112
f 2123 2180 2121
f 2121 2122 2119
f 2126 2125 2070
f 2127 2124 2126
f 2130 2127 2131
f 2065 2131 2132
f 2132 2071 2066
f 2131 2126 2071
f 2180 2124 2128
f 2138 2072 2136
f 2142 2138 2137
f 2139 2138 2140
f 2146 2145 2150
f 2149 2159 2147
f 2151 2150 2144
f 2152 2153 2154
f 2134 2157 2155
f 2087 2163 2161
f 2164 2165 2141
f 2166 2075 2165
f 2085 2083 2080
f 2168 2169 2167
f 2170 2173 2171
f 2169 2172 2170
f 2181 2182 1855
f 2172 2174 2173
f 2173 2177 2175
f 2171 2175 2176
f 2184 2176 2175
f 2179 2175 2177
f 2174 2178 2177
f 2179 2178 2184
f 2167 2176 2180
f 2028 1857 2182
f 2022 2168 2167
f 2185 2184 1850
f 2185 1850 2186
f 1848 2186 1849
f 2189 2099 2100
f 2193 2100 3261
f 2192 4306 2203
f 2193 2192 2201
f 3260 2193 3357
f 2196 3358 3359
f 2202 3357 2201
f 2204 2202 2203
f 2204 2203 4306
f 2205 4306 1847
f 2207 1844 1845
f 2207 1845 1840
f 2208 2207 1840
f 2208 2311 2209
f 2210 2208 2209
f 2211 2209 2212
f 2211 2214 2213
f 2213 2214 2217
f 2216 2220 2218
f 2218 2222 2219
f 2221 2217 2305
f 2223 2220 2221
f 2226 2222 2223
f 2219 2224 2227
f 2313 2224 2226
f 2227 2225 2228
f 2228 2230 2229
f 2229 2232 2231
f 2231 2234 2233
f 2237 2233 2234
f 2237 2240 2238
f 2238 2241 2239
f 2240 2232 2242
f 2241 2242 2244
f 2242 2230 2243
f 2244 2243 2246
f 2283 2244 2245
f 2245 2246 2248
f 2248 2247 2250
f 2246 2313 2247
f 2275 2248 2249
f 2249 2250 2252
f 2252 2251 2254
f 2250 2303 2251
f 2273 2252 2253
f 2253 2254 2256
f 2254 2301 2255
f 2256 2255 2258
f 2257 2258 2260
f 2268 2256 2257
f 2260 2259 2261
f 2258 2298 2259
f 2262 2261 2263
f 2265 2260 2262
f 2264 2263 2290
f 2266 2262 2264
f 2269 2265 2266
f 2267 2257 2265
f 2270 2268 2267
f 1788 2267 2269
f 1787 2271 2270
f 2271 2253 2268
f 2272 2273 2271
f 2274 2249 2273
f 2277 2274 2272
f 2276 2275 2274
f 2279 2277 2280
f 2281 2276 2279
f 2282 2278 2281
f 2239 2283 2282
f 2278 2245 2275
f 2280 1785 1783
f 1785 2272 1787
f 2284 2266 2285
f 1790 2269 2284
f 1794 2285 2287
f 2285 2264 2286
f 2287 2286 2288
f 1801 2288 2289
f 1796 2287 1801
f 2288 1821 1818
f 2289 1818 1815
f 1800 1815 1807
f 2286 2290 1821
f 2290 2291 1820
f 2263 2292 2291
f 2291 1833 1830
f 1820 1830 1823
f 2261 2293 2292
f 2292 2294 1833
f 2293 2296 2294
f 2259 2295 2293
f 2295 2308 2296
f 2298 2297 2295
f 2255 2299 2298
f 2299 2304 2297
f 2301 2300 2299
f 2251 2302 2301
f 2302 2221 2300
f 2303 2223 2302
f 2247 2226 2303
f 2300 2305 2304
f 2297 2306 2308
f 2304 2309 2306
f 2308 2307 2312
f 2306 2310 2307
f 2305 2214 2309
f 2309 2212 2310
f 2307 2311 1841
f 2310 2209 2311
f 2296 2312 1839
f 2312 1841 1838
f 2294 1839 1834
f 2243 2225 2313
f 2323 2318 2320
f 2321 2325 2324
f 2322 2326 2329
f 2325 2327 2326
f 2328 2327 2349
f 2331 2326 2328
f 2440 2329 2331
f 2330 2323 2329
f 2333 2328 2335
f 2334 2331 2333
f 4280 2333 2336
f 2336 2335 2339
f 2412 2336 2338
f 2338 2339 2340
f 2340 2341 1703
f 2339 2342 2341
f 1703 2343 1705
f 2341 2345 2343
f 1705 2344 1707
f 2343 2346 2344
f 2345 2348 2346
f 2342 2347 2345
f 2347 2350 2351
f 2349 2350 2347
f 2352 2350 2327
f 2321 2352 2353
f 2356 2355 2348
f 2411 2360 2361
f 2361 2363 1722
f 2360 2364 2363
f 2363 1729 1721
f 2362 2365 2364
f 2364 1732 1729
f 2366 2390 2368
f 2365 2367 2369
f 2368 2370 2367
f 2367 2371 2369
f 2370 2374 2371
f 2372 2373 2370
f 2373 2378 2374
f 2375 2376 2373
f 2376 1756 2378
f 2379 2377 2376
f 2381 2380 2379
f 2384 2379 2375
f 2386 2381 2384
f 2382 2383 2381
f 2385 2375 2372
f 2387 2384 2385
f 2393 2382 2386
f 2385 2390 2388
f 2389 2387 2388
f 2388 2390 2366
f 2390 2372 2368
f 2392 2393 2387
f 2394 2395 2396
f 2316 2398 2397
f 2395 2399 2382
f 2397 2400 2399
f 2401 2383 2399
f 2400 1774 1767
f 2403 2383 2402
f 1768 2377 2380
f 2374 1757 2406
f 2405 2377 2404
f 2371 2406 2408
f 2408 2407 2409
f 2406 1750 2407
f 2410 2409 1734
f 2369 2408 2410
f 2409 1746 1735
f 2411 1722 1719
f 1714 2411 1719
f 2346 2355 1709
f 2335 2349 2342
f 2413 2340 1702
f 2424 2338 2413
f 2419 2413 2415
f 2415 1702 1700
f 2416 1700 1697
f 2418 2415 2416
f 2418 2421 2420
f 2414 2420 2423
f 2422 2421 4259
f 2426 2420 2422
f 2337 2412 2423
f 2427 2423 2426
f 2431 2426 2428
f 2428 2422 2429
f 2430 2429 2457
f 2432 2428 2430
f 2435 2431 2432
f 2433 2427 2431
f 2434 2435 2442
f 2438 2433 2434
f 2436 2425 2427
f 2439 2436 2438
f 2330 2440 2437
f 2334 2425 2437
f 2441 2432 2450
f 2442 2441 2443
f 2443 2446 2444
f 2444 2447 2445
f 2447 2448 2449
f 2446 2450 2448
f 2449 2451 2453
f 2448 2454 2451
f 2451 2455 2452
f 2453 2452 2471
f 2454 2457 2455
f 2450 2430 2454
f 2452 2456 2468
f 2455 2458 2456
f 2457 2459 2458
f 2456 2460 2463
f 2458 2462 2460
f 2460 4261 2461
f 2463 2461 2464
f 2468 2463 2465
f 2465 2464 2466
f 2467 2466 2560
f 2469 2465 2467
f 2471 2468 2469
f 2470 2467 2546
f 2472 2469 2470
f 2474 2471 2472
f 2473 2470 2544
f 2475 2472 2473
f 2476 2453 2474
f 2477 2474 2475
f 2478 2449 2476
f 2479 2476 2477
f 2445 2478 2480
f 2480 2479 2481
f 2481 2483 2482
f 2482 2485 2484
f 2484 2488 2486
f 2486 2490 2487
f 2488 2540 2489
f 2490 2489 2491
f 2492 2491 2495
f 2487 2492 2494
f 2493 2495 2497
f 2494 2493 4279
f 2495 4276 2496
f 2497 2496 2499
f 2500 2497 2499
f 2498 2493 2497
f 2504 2499 2501
f 2499 2503 2501
f 2501 2511 2502
f 2505 2501 2502
f 2506 2502 2508
f 2507 2508 2509
f 2508 2513 2509
f 2502 2510 2508
f 2511 2512 2510
f 2510 2514 2513
f 2509 2515 2516
f 2513 2518 2515
f 2516 2517 3333
f 2515 2519 2517
f 2514 2520 2518
f 2518 2521 2519
f 2520 2524 2521
f 2522 2523 2520
f 2523 2553 2524
f 2526 2525 2523
f 2531 2526 2522
f 2528 2527 2526
f 2529 2530 2528
f 2532 2528 2531
f 2512 2522 2514
f 2533 2531 2512
f 2536 2532 2533
f 2534 2529 2532
f 4276 2534 2536
f 2535 2537 2534
f 2539 2538 2537
f 2537 2543 2529
f 2489 2539 2535
f 2540 2541 2539
f 2542 2475 2541
f 2541 2473 2538
f 2483 2477 2542
f 2485 2542 2540
f 2538 2544 2543
f 2543 2545 2530
f 2544 2546 2545
f 2530 2547 2527
f 2545 2548 2547
f 2547 2550 2549
f 2527 2549 2525
f 2525 2551 2553
f 2549 2554 2551
f 2553 2552 3306
f 2551 2555 2552
f 2554 2557 2555
f 2550 2556 2554
f 2556 3324 2557
f 2559 2558 2556
f 2548 2559 2550
f 2560 2561 2559
f 2561 2563 2558
f 2466 2562 2561
f 2562 2566 2563
f 2464 2564 2562
f 2461 2565 2564
f 2564 2568 2566
f 2566 2569 2567
f 2563 2567 3325
f 2568 2573 2569
f 2565 2570 2568
f 2572 2571 2570
f 2570 2575 2573
f 2569 2574 3327
f 2573 2576 2574
f 2578 2588 2576
f 2579 2575 2571
f 2577 2581 2584
f 2580 2581 2579
f 2582 2583 2581
f 2581 2585 2584
f 2578 2586 2588
f 2584 2587 2586
f 2586 2592 2589
f 4275 2586 2589
f 2591 2590 2589
f 2594 2589 2592
f 2595 2592 2593
f 2587 2593 2592
f 2613 2614 2591
f 4208 2596 2597
f 4053 2598 2600
f 2598 4209 2599
f 2604 2600 2601
f 2602 1609 2603
f 2604 2601 2602
f 2605 2602 2603
f 4053 2604 2605
f 2615 2612 2611
f 2614 2615 2576
f 2615 2574 2576
f 2615 3327 2574
f 2615 2611 2616
f 2611 4069 2616
f 2617 2618 4062
f 2625 2621 2623
f 2624 2623 2620
f 2626 2623 2624
f 2627 2622 2625
f 2629 2625 2626
f 2630 2628 2627
f 2631 2627 2629
f 2748 2630 2631
f 2632 2619 2630
f 2636 2633 2634
f 2636 2634 2635
f 2636 2635 2646
f 2619 2622 2628
f 3315 2639 2710
f 2703 2641 2642
f 2644 2648 2643
f 2645 2644 2646
f 2649 2648 2647
f 2650 2649 2656
f 2651 2648 2650
f 2703 2650 2652
f 2652 2653 2654
f 2654 2655 2687
f 2653 2657 2655
f 2656 2658 2657
f 2657 2662 2659
f 2655 2659 2661
f 2659 2663 2684
f 2661 2660 4207
f 2662 2665 2663
f 2658 2666 2664
f 2664 2668 2665
f 2666 2669 2672
f 2666 2675 2668
f 2649 2669 2658
f 2673 2669 2670
f 2671 2673 2634
f 2674 2647 2635
f 2633 2675 2667
f 2728 2675 2633
f 2676 2677 2728
f 2668 2677 2678
f 2665 2678 2679
f 2663 2679 2681
f 2684 2681 2682
f 2660 2682 2683
f 2683 2676 2680
f 4207 2683 2689
f 2689 2680 2727
f 2687 2661 2688
f 2688 4207 2686
f 2695 2691 2692
f 2693 2687 2691
f 2694 2654 2693
f 2697 2693 2695
f 2698 2695 2696
f 2700 2697 2698
f 2699 2694 2697
f 2707 2699 2700
f 2701 2702 2699
f 2702 2652 2694
f 2704 2703 2702
f 2640 2701 2705
f 2705 2707 2706
f 2706 2709 2708
f 2708 2711 2710
f 2710 2713 2712
f 2712 2715 2714
f 2715 2717 3320
f 3320 2718 2716
f 2717 2720 2718
f 2713 2719 2717
f 2719 2722 2720
f 2711 2721 2719
f 2709 2700 2721
f 2721 2698 2722
f 2720 2723 2724
f 2722 2696 2723
f 2724 2725 2726
f 2723 2692 2725
f 2730 2758 2729
f 2736 2738 2735
f 2760 2736 2733
f 2737 2738 2736
f 2740 2739 2738
f 2742 2741 2740
f 2743 2740 2737
f 2761 2742 2743
f 2744 2745 2742
f 2745 2629 2741
f 2746 2631 2745
f 2751 2746 2744
f 2747 2748 2746
f 2749 2632 2748
f 2747 2728 2749
f 2749 2728 2750
f 2750 2633 2632
f 2751 2728 2747
f 2752 2728 2751
f 2753 2728 2752
f 2755 2728 2753
f 2753 2761 2754
f 2755 2754 2756
f 2730 2756 2758
f 2730 2728 2755
f 2756 2759 2757
f 2758 2757 2760
f 2759 2737 2760
f 2754 2743 2759
f 2752 2744 2761
f 2741 2626 2739
f 2739 2624 2735
f 2734 2620 2637
f 2767 2763 2765
f 4095 4094 2766
f 2772 2770 2769
f 2788 2764 2770
f 2785 2786 2775
f 2776 4090 4088
f 2778 2779 2781
f 2780 2792 2782
f 2787 2784 2790
f 2789 2764 2788
f 2790 2791 2795
f 2793 2791 2792
f 2796 2793 2794
f 2797 2795 2796
f 2798 2799 4206
f 2800 4205 2799
f 2804 2800 2798
f 2802 2801 2800
f 2803 2805 2802
f 2878 2802 2804
f 2801 2807 4205
f 2806 2807 2805
f 2814 2690 2727
f 2811 2727 2813
f 2816 2811 2812
f 2812 2813 2825
f 2815 2810 2814
f 2817 2814 2816
f 2818 2812 2819
f 2820 2816 2818
f 2823 2818 2819
f 2817 2820 2821
f 2819 2825 2824
f 2825 2809 2824
f 2828 2884 2942
f 2943 2830 2829
f 2831 2933 2938
f 2839 2832 2833
f 2838 2832 2839
f 2836 2834 2835
f 3281 2834 2838
f 2833 2842 2840
f 3277 2842 2845
f 2845 2846 2844
f 2847 2846 2843
f 2841 2945 2847
f 2849 2848 2833
f 4088 2849 2850
f 2854 2855 2852
f 2851 2858 2856
f 2859 2861 2857
f 2868 2862 2861
f 2862 2867 2864
f 2871 2869 2868
f 2927 2870 2860
f 2876 2869 2871
f 2873 2922 2875
f 2874 2875 2916
f 2877 2878 2804
f 2920 2879 2878
f 2879 2803 2878
f 2883 2882 2879
f 2882 2881 2879
f 2882 2826 2808
f 2886 2883 2880
f 2892 2890 2885
f 2889 2887 2891
f 2897 2895 2894
f 2894 2896 2899
f 2918 2898 2895
f 2896 2898 2902
f 2901 2902 2905
f 2919 2904 2918
f 2929 2930 2906
f 2908 2909 2914
f 2911 2916 2913
f 2923 2849 2915
f 2917 2916 2911
f 2918 2920 2877
f 2875 2921 2916
f 2928 2923 2921
f 2925 2923 2924
f 2936 2937 2900
f 2939 2943 2941
f 2942 2884 2888
f 2881 2806 2803
f 2869 2804 2798
f 4085 2945 2944
f 3028 2957 2950
f 2957 2951 2950
f 2953 3190 2954
f 2953 2956 2955
f 2956 4203 2957
f 4120 2956 2957
f 2958 4123 2959
f 2966 2967 2968
f 2976 2978 2977
f 2978 2982 2981
f 2979 2983 2980
f 2981 2984 2983
f 2980 2985 3003
f 2983 2986 2985
f 2985 4150 2987
f 3003 2987 2988
f 3003 2988 2990
f 2988 4152 2989
f 2992 2990 2989
f 4202 2990 2991
f 2991 2994 2993
f 4202 2991 2993
f 2995 2998 3002
f 2993 2997 2995
f 2998 2996 2999
f 2995 4159 2996
f 3001 2998 2999
f 3010 3007 3006
f 3011 3013 3008
f 3009 3010 4170
f 3013 3011 3012
f 3014 3015 3023
f 3015 3014 3016
f 4168 3016 3012
f 3017 3018 3016
f 3019 4122 3018
f 3021 3020 3018
f 3020 3021 3022
f 3027 3028 3033
f 3028 2950 3029
f 3030 2946 2847
f 3031 2948 4086
f 3032 3029 3031
f 3035 3033 3034
f 3036 3035 3034
f 3040 3037 3035
f 3037 3026 3035
f 4055 3039 3042
f 1592 3046 3047
f 3050 3045 1592
f 3049 4201 3037
f 3008 3025 3005
f 4029 3051 3052
f 3052 3053 3056
f 3051 3055 3053
f 3053 4043 3054
f 3056 3054 3058
f 4027 3056 3057
f 3057 3058 3059
f 3059 3060 3063
f 3058 3062 3060
f 3060 4041 3061
f 3063 3061 3065
f 3067 3063 3065
f 3064 3059 3063
f 3069 3065 3066
f 3066 3061 4040
f 3068 3064 3067
f 3068 3067 3069
f 3070 3066 3073
f 3070 3071 3077
f 3071 3073 3075
f 3073 4040 3074
f 3075 3074 1563
f 3075 3076 3071
f 3925 3075 1563
f 3080 3072 3079
f 4036 3080 3081
f 3083 4038 3082
f 3088 4039 3083
f 3086 3085 4015
f 3086 4015 4017
f 3091 3087 3092
f 4014 3105 3093
f 3096 3095 3103
f 3112 3106 3911
f 3112 3104 3106
f 3113 3905 3114
f 3114 3905 3115
f 4012 3137 3121
f 3122 3121 3120
f 3121 3122 3126
f 3125 3127 3131
f 3125 3128 3127
f 3127 3848 3788
f 3129 3788 3786
f 3130 3786 3924
f 3132 3131 3129
f 3131 3132 3133
f 3132 3136 3133
f 3136 3924 3785
f 3783 3136 3135
f 3137 4012 3133
f 3781 3143 3141
f 3153 3152 3970
f 3156 3148 3149
f 3155 3149 3150
f 3151 3155 3150
f 3161 3160 3159
f 3159 3162 3161
f 3164 3154 3165
f 3167 3998 3166
f 3166 3998 3975
f 3169 3168 3976
f 3168 3169 3163
f 3171 3170 3172
f 3174 3986 3985
f 3175 3172 3980
f 3183 3182 2968
f 2964 3184 3185
f 3184 4140 4141
f 3184 4141 2966
f 2964 3185 3186
f 3187 3186 3188
f 3189 3206 3187
f 2961 3193 3205
f 3191 3205 3192
f 3193 3192 3205
f 2962 3189 3981
f 3192 3196 3995
f 3197 3204 4003
f 4001 3201 3238
f 2954 3190 3197
f 4124 2961 3205
f 2959 3204 3190
f 3255 3256 3265
f 2952 3237 3207
f 3972 3209 3213
f 3215 3972 3213
f 3214 3218 3217
f 3231 3233 3232
f 3263 3236 3234
f 3992 3972 3215
f 3239 3992 3215
f 3240 3215 3216
f 3240 3216 3247
f 3247 3216 3241
f 3242 3219 3220
f 3216 3217 3242
f 3244 3220 3243
f 3244 3243 3252
f 3235 3245 3236
f 3238 3239 3240
f 3240 3247 3238
f 3248 3236 3245
f 3225 3249 3248
f 3250 3252 3967
f 3226 3248 3251
f 3228 3230 3253
f 2094 2095 3259
f 2095 2189 3259
f 3259 2190 3260
f 3256 2094 3262
f 2093 3254 3263
f 3257 2195 2196
f 3265 3266 3267
f 3208 3255 3365
f 3269 3353 3273
f 3271 3350 3349
f 3275 3276 3274
f 3279 2840 3277
f 3279 2844 3275
f 3279 3275 3280
f 3282 3279 3280
f 3283 2834 3281
f 3281 2838 3278
f 3291 3287 3290
f 3287 3280 3288
f 3287 3288 3290
f 3291 3293 3319
f 3313 3297 3298
f 3311 3298 3299
f 3311 3300 3301
f 3338 3302 3300
f 3303 3301 3300
f 3304 3300 3302
f 2519 3303 3304
f 2521 3305 3303
f 3305 3307 3301
f 2524 3306 3305
f 3306 3308 3307
f 3311 3307 3308
f 3311 3308 3309
f 2552 3309 3308
f 2555 3310 3309
f 3312 3309 3310
f 3295 3285 3319
f 3320 2822 3316
f 4069 2639 3315
f 3312 3310 3322
f 2557 3322 3310
f 3324 3323 3322
f 2558 3325 3324
f 3325 3326 3323
f 2615 3323 3326
f 2567 3327 3326
f 2615 3326 3327
f 3328 3302 3329
f 2517 3304 3328
f 3333 3328 3330
f 3330 3329 3332
f 3331 3333 3330
f 3340 3330 3332
f 3334 2516 3333
f 3335 2509 2516
f 3337 3336 3332
f 3337 3332 3329
f 3338 3329 3302
f 3298 3297 3339
f 3289 3288 3343
f 3345 3273 3344
f 3344 3272 3347
f 3349 3347 3348
f 2199 3351 3353
f 3351 3352 3353
f 3266 3264 3355
f 3264 3354 3268
f 3268 3353 3269
f 3355 3264 3268
f 2194 3356 3358
f 3360 3351 3361
f 3343 3366 3362
f 3282 3278 3279
f 3363 3365 3255
f 3367 3366 3364
f 3274 3364 3366
f 3364 3265 3367
f 3233 2092 3234
f 3231 3368 3233
f 2088 3229 3228
f 3370 3966 3385
f 3377 3759 3378
f 3381 3399 3383
f 3386 3387 3391
f 3389 3395 3394
f 3392 3393 3401
f 3392 3394 3393
f 3405 3395 3761
f 3396 3389 3398
f 3399 3382 3380
f 3400 3401 3393
f 3400 3404 3402
f 3964 3401 3403
f 3962 3407 3406
f 3408 3419 3418
f 3411 3410 3414
f 3372 3963 3412
f 3416 3417 3415
f 3407 3421 3420
f 3423 3444 3427
f 3425 3426 3428
f 3434 3429 3431
f 3435 3434 3432
f 3433 3442 3437
f 3445 3437 3438
f 3441 3444 3439
f 3443 2077 3446
f 3449 3448 3434
f 3447 3448 3450
f 3454 3453 3448
f 3452 3463 3451
f 3464 3456 3455
f 3371 3461 3458
f 3416 3460 3459
f 3760 1899 3467
f 3470 3477 3471
f 3474 3470 3753
f 3743 3472 3474
f 3473 3475 3472
f 3476 3478 3475
f 3475 3477 3470
f 3478 3495 3477
f 3619 1608 3486
f 3480 3481 3485
f 3484 3486 3485
f 3486 1611 1612
f 3485 1612 1613
f 3618 3485 1613
f 3492 3618 3487
f 3492 3487 3488
f 3487 3489 1626
f 3492 3491 3497
f 3496 3493 3497
f 3498 3493 3496
f 3499 3494 3498
f 3499 3498 3496
f 3503 3505 3517
f 3502 3504 3503
f 3506 3503 3504
f 3507 3509 3505
f 3507 3504 1640
f 3617 3511 3509
f 3512 3509 3510
f 3511 3510 3509
f 3512 3510 3582
f 1840 1845 1843
f 3513 1828 1831
f 3513 1843 3514
f 3512 3514 3516
f 3515 3517 3516
f 3517 3515 3518
f 3526 3525 3561
f 3539 3538 3554
f 3469 3550 3468
f 3547 3549 3548
f 3548 3549 3469
f 3754 3547 3548
f 3550 3520 3521
f 3549 3519 3550
f 3550 3521 3545
f 3579 3578 3562
f 3578 1851 3563
f 3564 3563 3565
f 3566 3565 3568
f 3567 3568 3569
f 3570 3565 3571
f 3572 3568 3570
f 1863 3570 1861
f 1861 3571 1858
f 1868 3569 3572
f 3571 3563 3573
f 1858 3573 1854
f 3573 1851 1850
f 3575 3569 3574
f 3576 3574 1872
f 3577 1872 1874
f 3561 3577 1874
f 3513 1826 1828
f 3513 3581 3580
f 3583 3580 3581
f 3513 3582 3581
f 3584 3581 3582
f 1814 1825 3583
f 1812 3583 3584
f 3585 3582 3510
f 1810 3584 3585
f 3587 3585 3511
f 3616 3589 3587
f 3590 1809 3587
f 3588 3595 3592
f 3591 3592 3594
f 1644 3592 3595
f 3593 3594 3592
f 3589 1645 3595
f 3596 3597 3594
f 3599 3594 3597
f 3600 1806 1809
f 3600 3597 3603
f 3601 1804 1806
f 3602 3603 3604
f 3606 3603 3597
f 1744 3603 3605
f 3607 3605 3606
f 3608 3606 3596
f 3610 3607 3608
f 3609 1743 3607
f 1654 3609 3610
f 3611 1741 3609
f 1655 3608 3612
f 3612 3596 3593
f 1650 3612 1647
f 1647 3593 1644
f 3613 1748 3614
f 3614 1762 1804
f 3586 1642 1645
f 3617 1640 1642
f 3471 3495 3500
f 3479 3480 3618
f 3493 3479 3618
f 3482 3619 3484
f 3626 3702 3623
f 3626 3623 3624
f 3626 3624 3625
f 3625 3710 3626
f 3732 3629 3628
f 3629 3630 3941
f 3630 3631 3941
f 3642 3641 3643
f 3644 3645 3640
f 3642 3647 3644
f 3646 3897 3898
f 3644 3648 3646
f 3651 3649 3647
f 3647 3650 3648
f 3649 3655 3650
f 3651 3652 3649
f 3653 3654 3652
f 3654 3655 3652
f 3657 3656 3655
f 3650 3656 3895
f 3662 3657 3654
f 3659 3658 3657
f 3664 3659 3662
f 3660 3661 3659
f 3663 3654 3725
f 3665 3662 3663
f 3667 3664 3665
f 3666 3660 3664
f 3707 3666 3667
f 3668 3669 3666
f 3669 3888 3660
f 3671 3670 3669
f 3706 3671 3668
f 3672 3673 3671
f 3673 3674 3670
f 3676 3762 3737
f 3677 3676 3737
f 3690 3678 3676
f 3678 3679 3676
f 3681 3680 3679
f 3679 3763 3762
f 3683 3681 3678
f 3683 3682 3681
f 3683 3738 3740
f 3733 3684 3685
f 3689 3686 3684
f 3686 3685 3684
f 3687 3692 3688
f 3677 3687 3686
f 3734 3685 3688
f 3691 3688 3692
f 3694 3692 3693
f 3695 3698 3697
f 3696 3697 3700
f 3699 3698 3735
f 3703 3697 3699
f 3701 3700 3702
f 3623 3700 3703
f 3624 3703 3704
f 3704 3699 3706
f 3625 3704 3705
f 3704 3668 3707
f 3699 3672 3706
f 3705 3667 3708
f 3625 3708 3710
f 3710 3709 3711
f 3708 3665 3709
f 3711 3713 3710
f 3711 3724 3712
f 3713 3711 3712
f 3714 3630 3719
f 3730 3720 3721
f 3721 3722 3723
f 3712 3722 3720
f 3723 3725 3653
f 3724 3725 3722
f 3709 3663 3724
f 3727 3723 3726
f 3726 3653 3651
f 3726 3643 3728
f 3721 3727 3729
f 3641 3639 3717
f 3639 3108 3717
f 3716 3633 3715
f 3630 3629 3719
f 3731 3631 3714
f 3626 3733 3702
f 3735 3675 3672
f 3677 3737 3687
f 3738 3620 3481
f 3740 3481 3480
f 3741 3742 3744
f 3742 3473 3743
f 3744 3743 3746
f 3741 3744 3745
f 3745 3746 3747
f 3746 3474 3748
f 3747 3748 3749
f 3749 3750 3751
f 3748 3753 3750
f 3750 3753 3752
f 3754 3548 3757
f 3755 3754 3757
f 3755 3757 3735
f 3758 3468 3759
f 3756 3469 3758
f 3467 3761 3760
f 3467 3421 3761
f 3762 3755 3737
f 3763 3764 3762
f 3764 3752 3755
f 3765 3751 3764
f 3680 3765 3763
f 3766 3749 3765
f 3682 3766 3680
f 3767 3747 3766
f 3740 3767 3682
f 3740 3745 3767
f 3735 3375 3768
f 3222 3769 3374
f 3867 3772 3773
f 3776 3211 3212
f 3214 3213 3775
f 3150 3149 3779
f 3210 3151 3778
f 3923 3148 3780
f 3780 3147 3922
f 132 3786 3140
f 3787 132 3782
f 3782 3135 3784
f 3924 3786 3785
f 3785 3786 3787
f 3787 3786 132
f 3790 3778 3779
f 3791 3789 3790
f 3792 3793 3789
f 3794 3795 3793
f 3796 3776 3795
f 3840 3776 3796
f 3797 3798 3776
f 3798 3775 3211
f 3799 3800 3798
f 3800 3774 3775
f 3802 3801 3800
f 3804 3803 3802
f 3807 3802 3799
f 3806 3805 3804
f 3809 3804 3807
f 3810 3807 3808
f 3808 3799 3797
f 3814 3809 3810
f 3811 3806 3809
f 3816 3811 3814
f 3812 3813 3811
f 3818 3814 3815
f 3815 3810 3838
f 3817 3812 3816
f 3820 3816 3818
f 3819 3815 3836
f 3821 3818 3819
f 3880 3817 3820
f 3822 3820 3821
f 3819 3825 3823
f 3824 3825 3827
f 3825 3836 3826
f 3827 3826 3829
f 3829 3830 3828
f 3824 3827 3828
f 3829 3833 3830
f 3831 3832 3846
f 3830 3834 3832
f 3833 3837 3834
f 3826 3835 3833
f 3836 3838 3835
f 3835 3839 3837
f 3838 3808 3839
f 3837 3840 3841
f 3839 3797 3840
f 3841 3796 3794
f 3834 3841 3842
f 3842 3794 3792
f 3832 3842 3843
f 3843 3792 3791
f 3846 3843 3844
f 3844 3791 3790
f 3915 3844 3845
f 3845 3790 3847
f 3848 3919 3780
f 3849 3919 3848
f 3850 3851 3849
f 3850 3849 3921
f 3853 3852 3851
f 3912 3854 3853
f 3920 3853 3850
f 3854 3916 3852
f 3912 3855 3854
f 3904 3823 3824
f 3769 3858 3882
f 3870 3860 3859
f 3861 3859 3862
f 3863 3862 3864
f 3771 3862 3874
f 3865 3772 3867
f 3801 3865 3867
f 3866 3801 3803
f 3868 3803 3805
f 3869 3805 3872
f 3873 3874 3860
f 3877 3875 3873
f 3875 3874 3873
f 3878 3877 3813
f 3879 3878 3812
f 3874 3875 3858
f 3879 3817 3880
f 3880 3822 3856
f 3813 3872 3806
f 3770 3874 3858
f 3884 3881 3883
f 3883 3882 3891
f 3886 3881 3884
f 3887 3884 3885
f 3885 3883 3889
f 3674 3886 3887
f 3670 3887 3888
f 3888 3885 3661
f 3661 3889 3658
f 3889 3891 3890
f 3658 3890 3656
f 3892 3891 3893
f 3895 3890 3892
f 3894 3893 3903
f 3896 3892 3894
f 3648 3895 3896
f 3897 3894 3899
f 3646 3896 3897
f 3899 3900 3901
f 3899 3903 3900
f 3900 3882 3902
f 3117 3912 3119
f 3906 3901 3902
f 3908 3906 3910
f 3908 3898 3906
f 3909 3645 3908
f 3910 3109 3909
f 3909 3107 3639
f 3912 3828 3913
f 3912 3913 3855
f 3855 3914 3916
f 3913 3831 3914
f 3914 3846 3915
f 3916 3915 3917
f 3852 3917 3918
f 3918 3847 3919
f 3917 3845 3847
f 3634 3925 3926
f 3638 3926 3633
f 3927 3928 1546
f 3929 3930 3927
f 3932 3931 3934
f 1548 1549 3933
f 3935 3932 3944
f 3938 3937 3939
f 3944 3940 3632
f 3631 3938 3632
f 3947 3946 3956
f 3622 3946 3947
f 3948 3947 3955
f 3622 3948 3621
f 3954 4316 3953
f 1604 1599 3483
f 4316 1604 3953
f 3621 3951 3952
f 3955 3957 3959
f 3955 3956 3957
f 3958 3960 1554
f 3960 1550 3961
f 3946 3942 3945
f 3467 3466 3465
f 3385 3391 3964
f 3968 3966 3965
f 3968 3373 3378
f 3250 3227 3225
f 3250 3967 3227
f 3373 3967 3224
f 3373 3224 3223
f 3209 3972 3971
f 3993 3990 4000
f 4007 3976 3977
f 3997 3986 3173
f 3194 3979 3978
f 3187 3188 3982
f 3982 3983 3979
f 3978 3979 3986
f 3996 3196 3195
f 3987 3988 3196
f 3973 3991 3993
f 3989 3994 3988
f 4003 3995 3994
f 3995 3196 3988
f 3999 3167 3166
f 3165 4000 3999
f 3154 3970 3165
f 3198 2954 3197
f 3171 3162 4006
f 3163 4009 3168
f 4020 4039 4019
f 4020 4019 4021
f 4021 4022 4023
f 4022 4026 4024
f 4023 4024 4025
f 4025 4027 3057
f 4024 4028 4027
f 4028 3052 4027
f 4026 4029 4028
f 4019 4029 4026
f 4030 3057 3059
f 4031 4025 4030
f 4032 4030 3064
f 4033 4023 4031
f 4035 4031 4032
f 4034 4033 4035
f 4036 4032 3068
f 3080 3068 3072
f 4038 4034 3082
f 4037 4020 4034
f 3083 4039 4037
f 4040 1564 3074
f 3061 1570 4040
f 3054 4042 3062
f 3062 1571 4041
f 4042 1573 1571
f 4043 4044 4042
f 4045 4046 4044
f 4044 1575 1573
f 4046 1580 1575
f 4048 4047 4046
f 4050 4048 4045
f 3047 4049 4047
f 4047 1582 1580
f 1582 3046 1586
f 3055 4045 4043
f 3051 4050 3055
f 3025 4200 3049
f 4054 1595 1596
f 4053 2605 4052
f 4053 4051 2606
f 2606 1605 1595
f 4058 4061 4055
f 2609 4060 4061
f 4059 2608 4061
f 2608 2609 4061
f 4060 4054 3043
f 4061 3043 4055
f 4097 4057 4071
f 4075 4071 4070
f 4073 4076 4074
f 4076 4114 4078
f 4079 4111 4077
f 4089 4102 4080
f 4090 4084 4088
f 4113 4084 4082
f 3041 4084 4113
f 4081 4090 4091
f 4112 4097 4096
f 4096 4097 4109
f 4100 4099 4102
f 4103 4102 4101
f 4103 4080 4102
f 4103 4104 4110
f 4108 4075 4105
f 4108 4106 4107
f 4101 4109 4107
f 4054 1596 3045
f 2605 4115 4052
f 4115 4119 4116
f 2603 4117 4115
f 4117 1607 4119
f 1609 4118 4117
f 4116 1606 4051
f 4200 4120 3027
f 4122 4121 4200
f 4123 4166 2960
f 4126 4125 4138
f 4138 4125 4137
f 4129 2960 4166
f 4130 4127 4128
f 4132 4129 4130
f 4133 4130 4131
f 4131 4128 4164
f 4136 4132 4133
f 4134 4137 4132
f 4135 4137 4134
f 4151 4134 4136
f 4137 4124 4129
f 4139 4126 4138
f 4144 2963 4139
f 4184 4140 4142
f 4143 4142 4140
f 4143 4149 2978
f 4145 4144 4146
f 2982 4146 2984
f 2984 4147 2986
f 4146 4144 4147
f 2986 4148 4150
f 4147 4139 4148
f 4148 4138 4135
f 4150 4135 4151
f 2987 4151 4152
f 4152 4136 4153
f 2989 4153 4154
f 4154 4155 4157
f 4153 4133 4155
f 4155 4131 4156
f 4157 4156 4158
f 2994 4157 2997
f 2997 4158 4159
f 4158 4163 4160
f 4159 4160 4161
f 4161 4162 4167
f 4160 4165 4162
f 4163 4129 4165
f 4156 4164 4163
f 4162 3017 4168
f 4165 3019 3017
f 4129 4166 3019
f 4167 4168 4169
f 4169 3012 4170
f 4171 4170 4172
f 4174 4169 4171
f 4173 4172 4179
f 4175 4171 4173
f 4177 4174 4175
f 4176 4167 4174
f 2999 4176 4177
f 2996 4161 4176
f 4178 2999 4177
f 4177 4175 3004
f 4179 4175 4173
f 4179 4180 4029
f 4179 3005 4180
f 3006 3005 4181
f 4182 4172 4170
f 2992 4154 2994
f 4184 4185 4141
f 4184 4187 4186
f 4193 4190 2970
f 4189 4190 4192
f 2970 4191 4186
f 4190 2966 4192
f 2965 4194 4195
f 4196 4197 4198
f 4198 4188 4199
f 4126 2963 3189
f 4200 3027 4201
f 2849 2944 2848
f 2716 4204 2815
f 4204 2726 2810
f 2718 2724 4204
f 2731 2762 2807
f 2808 2731 2807
f 4206 2762 2763
f 4210 4211 4209
f 4211 4218 4209
f 4213 4214 4212
f 4212 4215 4218
f 4218 4215 4216
f 4214 4216 4215
f 4218 4216 4217
f 4213 4217 4214
f 4213 2597 4217
f 4274 4218 4219
f 4219 4218 2597
f 4221 4222 4225
f 4223 4222 4220
f 4231 4222 4223
f 4224 4226 4225
f 4226 1617 4225
f 4221 4225 1617
f 1676 4227 4226
f 4229 1676 4226
f 4230 4224 4231
f 4233 4228 4230
f 4232 4231 4270
f 4234 4230 4232
f 4235 4229 4233
f 4237 4233 4234
f 1682 4236 4235
f 4239 4235 4237
f 4240 4237 4238
f 4238 4234 4269
f 4242 4239 4240
f 4244 4240 4241
f 4241 4238 4267
f 4243 1683 4242
f 4246 4242 4244
f 4245 4241 4266
f 4263 4246 4244
f 4255 4248 4246
f 4246 4249 4243
f 4248 4253 4249
f 4250 4251 4248
f 4254 2416 4251
f 4251 1697 4253
f 4249 1698 1688
f 4252 4250 4256
f 4247 4257 4256
f 4258 4257 4260
f 4259 4256 4258
f 2459 4258 2462
f 2462 4260 4261
f 4261 2572 2565
f 4260 4262 2572
f 2429 4259 2459
f 4245 4266 4262
f 4265 2571 4262
f 4264 4241 4267
f 4268 4267 2582
f 4267 4269 2582
f 4249 1685 4243
f 4269 4232 2583
f 2583 4270 2585
f 2585 4271 2587
f 4270 4223 4271
f 4271 4272 2593
f 4221 2593 4272
f 4273 4274 4221
f 2598 4211 4210
f 2546 2560 2548
f 2503 2533 2511
f 2496 2536 2503
f 2491 2535 4276
f 4277 4279 2493
f 4290 4289 4287
f 4291 4289 4290
f 4292 4293 4294
f 4294 4295 4296
f 4296 4298 4297
f 4300 4302 4301
f 4305 4304 4303
f 4286 4304 4305
f 2206 2205 1852
f 1847 1852 2205
f 2100 2101 2188
f 2096 3368 4307
f 4308 2063 2062
f 1921 4309 2053
f 2053 4310 2051
f 1921 1924 4309
f 4309 1926 4310
f 2051 2042 2044
f 4310 4311 2042
f 4311 4312 2037
f 2034 1928 2022
f 1772 1792 1770
f 1728 1657 1660
f 1662 1728 1660
f 1664 1726 1662
f 4314 1664 1666
f 4315 1718 4314
f 1668 4314 1666
f 1672 1716 4315
f 1674 1713 1672
f 1677 1711 1674
f 1612 1615 1614
f 1577 4317 1566
f 4328 4329 4327
f 4334 4336 4335
f 4335 4338 4337
f 4354 4337 4338
f 4339 4343 4340
f 4342 4340 4341
f 4341 4343 4328
f 4333 4343 4344
f 4345 4333 4344
f 4506 4464 4346
f 4349 4352 4353
f 4430 4353 4433
f 4354 4352 4351
f 4355 4356 4460
f 4360 4358 4356
f 4495 4358 4497
f 4361 4360 4359
f 4373 4366 4374
f 4388 4401 4389
f 4390 4389 4402
f 4395 4418 4394
f 4417 4395 4396
f 4397 4396 4400
f 4400 4392 4391
f 4398 4391 4402
f 4386 4402 4401
f 4395 4394 4393
f 4384 4403 4385
f 4407 4406 4405
f 4376 4407 4377
f 4377 4378 4380
f 4412 4484 4414
f 4411 4413 4485
f 4416 4397 4398
f 4422 4441 4419
f 4423 4419 4443
f 4428 4435 4438
f 4428 4429 4435
f 4429 4431 4427
f 4353 4434 4433
f 4441 4442 4437
f 4393 4439 4440
f 4382 4446 4387
f 4385 4445 4447
f 4446 4444 4387
f 4446 4445 4444
f 4450 4449 4448
f 4377 4380 4453
f 4454 4376 4451
f 4455 4410 4454
f 4456 4412 4455
f 4372 4411 4456
f 4456 4455 4457
f 4460 4368 4459
f 4356 4363 4460
f 4369 4367 4370
f 4349 4350 4352
f 4346 4464 4348
f 4465 4348 4432
f 4465 4432 4426
f 4467 4468 4422
f 4467 4423 4469
f 4469 4423 4424
f 4469 4424 4471
f 4470 4471 4472
f 4473 4472 4416
f 4473 4416 4474
f 4403 4475 4473
f 4475 4403 4477
f 4403 4478 4477
f 4482 4479 4480
f 4482 4481 4479
f 4414 4481 4482
f 4484 4481 4414
f 4486 4483 4485
f 4486 4487 4483
f 4490 4489 4488
f 4491 4489 4490
f 4494 4489 4491
f 4495 4493 4494
f 4497 4493 4495
f 4497 4496 4493
f 4321 4496 4497
f 4512 4509 4508
f 4518 4516 4515
f 4522 4519 4520
f 4523 4528 4522
f 4526 4517 4528
f 4528 4517 4519
f 4527 4529 4517
f 4532 4516 4531
f 4535 4538 4534
f 4536 4537 4538
f 4557 4537 4558
f 4539 4538 4537
f 4539 4534 4538
f 4542 4544 4541
f 4542 4575 4540
f 4552 4551 4550
f 4560 4558 4559
f 4559 4558 4561
f 4562 4558 4537
f 4563 4558 4560
f 4564 4565 4563
f 4572 4573 4571
f 4554 4568 4569
f 4565 4555 4556
f 4589 4513 4578
f 4585 4588 4590
f 4596 4593 4594
f 4610 4613 4609
f 4627 4615 4616
f 4616 4619 4618
f 4618 4622 4621
f 4623 4625 4624
f 4624 4626 4627
f 4601 4603 4600
f 4593 4594 4592
f 4617 4640 4619
f 4619 4641 4620
f 4620 4643 4622
f 4615 4644 4617
f 4626 4646 4615
f 4623 4648 4625
f 4622 4649 4623
f 4663 4652 4651
f 4651 4652 4653
f 4653 4656 4655
f 4655 4658 4657
f 4659 4661 4662
f 4662 4664 4663
f 4663 4664 4650
f 2967 256 56
f 350 352 351
f 284 285 278
f 292 277 280
f 307 308 279
f 289 276 273
f 282 303 275
f 301 302 274
f 288 272 271
f 274 288 287
f 66 62 48
f 81 61 62
f 57 584 436
f 584 57 5
f 5 573 584
f 584 573 437
f 582 568 437
f 621 555 546
f 546 566 621
f 624 267 254
f 254 267 257
f 267 266 257
f 255 250 252
f 339 338 433
f 341 339 433
f 340 341 434
f 434 342 340
f 344 342 434
f 343 344 434
f 345 343 434
f 346 345 347
f 419 418 336
f 310 285 284
f 285 418 417
f 417 421 420
f 294 269 298
f 284 283 331
f 4 586 28
f 573 583 582
f 579 567 569
f 623 565 554
f 266 267 258
f 262 264 261
f 263 72 264
f 49 263 259
f 49 265 263
f 55 56 256
f 334 294 296
f 298 296 294
f 281 269 294
f 297 287 281
f 67 587 4
f 25 1 50
f 563 564 552
f 550 548 547
f 544 249 545
f 261 258 260
f 329 297 281
f 331 317 329
f 327 330 331
f 321 330 327
f 61 15 58
f 53 3 4
f 4 3 67
f 68 564 571
f 571 581 580
f 580 574 578
f 26 67 27
f 553 68 67
f 571 580 578
f 68 571 572
f 68 553 564
f 3 27 67
f 9 3 53
f 66 20 82
f 40 46 44
f 44 46 77
f 46 19 77
f 19 20 77
f 20 18 77
f 38 37 75
f 54 73 70
f 70 73 69
f 29 73 54
f 29 54 10
f 11 10 54
f 33 54 6
f 11 54 33
f 6 52 33
f 35 7 34
f 34 12 35
f 14 951 42
f 78 14 80
f 79 78 80
f 8 32 30
f 31 71 32
f 32 8 34
f 552 561 563
f 559 563 561
f 318 321 322
f 322 324 323
f 324 332 329
f 327 331 332
f 66 83 62
f 48 20 66
f 20 48 316
f 47 316 315
f 322 325 324
f 51 49 22
f 23 22 21
f 22 49 21
f 65 59 16
f 43 65 16
f 18 47 318
f 18 64 45
f 322 321 325
f 325 332 324
f 318 47 321
f 18 318 64
f 51 265 49
f 49 562 21
f 561 562 549
f 552 562 561
f 21 562 553
f 562 552 553
f 25 21 553
f 32 71 30
f 14 78 951
f 60 41 36
f 36 12 8
f 39 35 12
f 39 12 40
f 35 33 7
f 23 21 24
f 50 24 21
f 52 6 50
f 11 33 75
f 37 11 75
f 17 37 38
f 77 17 38
f 45 17 77
f 18 20 47
f 39 40 44
f 20 19 82
f 20 316 47
f 62 83 81
f 58 15 13
f 315 316 333
f 331 329 332
f 324 329 281
f 334 324 281
f 323 324 334
f 318 322 314
f 562 49 549
f 550 563 559
f 557 550 547
f 558 557 551
f 558 563 557
f 558 564 563
f 564 553 552
f 26 1 25
f 25 67 26
f 67 25 553
f 567 581 558
f 579 580 581
f 580 579 574
f 586 585 583
f 585 577 583
f 578 574 438
f 577 572 571
f 585 572 577
f 587 67 68
f 330 315 328
f 329 317 297
f 317 289 297
f 64 63 65
f 74 256 72
f 559 549 259
f 549 49 259
f 259 260 544
f 261 260 259
f 259 263 262
f 259 262 261
f 263 264 262
f 263 265 72
f 250 266 258
f 543 545 249
f 545 559 544
f 560 559 545
f 559 560 550
f 550 560 548
f 547 554 565
f 556 547 565
f 551 547 556
f 551 567 558
f 556 567 551
f 581 567 579
f 574 569 570
f 574 570 439
f 577 576 568
f 28 586 5
f 5 586 573
f 4 587 585
f 53 5 9
f 57 76 5
f 58 13 76
f 316 48 333
f 328 295 313
f 330 328 331
f 331 283 317
f 317 305 289
f 274 297 289
f 287 297 274
f 269 281 287
f 431 430 427
f 429 431 428
f 432 429 428
f 353 426 424
f 426 428 427
f 426 349 423
f 298 299 296
f 424 423 421
f 418 422 421
f 425 424 422
f 347 434 429
f 431 434 433
f 423 349 420
f 299 348 296
f 334 296 326
f 323 334 326
f 72 256 251
f 261 251 252
f 261 252 250
f 257 513 254
f 258 268 253
f 548 546 555
f 548 555 554
f 622 621 566
f 555 621 554
f 546 543 566
f 249 253 566
f 622 566 253
f 268 622 253
f 622 268 624
f 268 267 624
f 617 624 254
f 513 617 254
f 617 622 624
f 616 748 618
f 753 754 748
f 625 750 749
f 541 540 625
f 605 603 604
f 614 89 597
f 200 130 131
f 693 656 678
f 728 435 442
f 727 728 442
f 726 727 746
f 725 726 746
f 724 725 746
f 723 724 746
f 722 723 745
f 721 722 745
f 664 716 668
f 666 664 668
f 667 666 668
f 674 675 717
f 744 442 441
f 743 744 741
f 742 743 739
f 734 735 731
f 737 738 735
f 736 737 734
f 739 740 736
f 740 741 737
f 741 441 737
f 655 690 670
f 654 655 689
f 655 670 689
f 670 713 654
f 713 680 654
f 665 647 694
f 659 660 684
f 684 682 681
f 657 658 683
f 683 685 681
f 661 662 686
f 658 661 685
f 682 683 681
f 660 657 682
f 649 652 679
f 651 649 679
f 650 651 679
f 648 650 647
f 192 136 187
f 516 515 643
f 637 516 643
f 646 626 640
f 632 630 518
f 630 752 634
f 634 751 511
f 751 747 511
f 747 512 511
f 616 510 512
f 747 748 616
f 747 753 748
f 625 755 635
f 541 519 528
f 529 540 528
f 529 528 525
f 191 99 89
f 197 226 199
f 656 699 703
f 248 241 126
f 130 183 186
f 183 130 184
f 176 120 226
f 231 182 246
f 176 231 120
f 226 197 196
f 656 693 699
f 699 693 186
f 226 120 177
f 200 184 130
f 186 131 130
f 186 183 248
f 248 126 186
f 810 126 241
f 810 241 232
f 115 232 225
f 191 223 210
f 221 225 223
f 191 143 223
f 110 220 209
f 224 110 162
f 119 229 224
f 228 229 204
f 245 203 129
f 245 186 126
f 695 656 703
f 698 186 129
f 247 128 129
f 692 128 127
f 692 127 185
f 237 696 185
f 237 691 696
f 443 696 691
f 697 700 692
f 705 698 700
f 710 706 702
f 663 710 702
f 694 707 711
f 708 713 709
f 713 712 709
f 713 670 712
f 694 713 708
f 694 708 707
f 706 710 707
f 710 711 707
f 707 704 706
f 708 705 704
f 708 709 705
f 712 701 709
f 695 703 701
f 703 699 698
f 704 705 700
f 706 704 700
f 706 700 697
f 706 697 702
f 201 169 84
f 235 169 201
f 202 185 127
f 101 166 151
f 101 92 207
f 187 88 85
f 526 536 532
f 87 88 187
f 533 537 535
f 164 193 163
f 236 238 116
f 194 227 116
f 519 521 530
f 639 206 533
f 643 644 533
f 636 633 645
f 636 631 633
f 542 629 628
f 521 531 530
f 636 645 627
f 645 524 522
f 521 542 522
f 542 627 522
f 520 542 521
f 627 542 631
f 627 631 636
f 638 642 641
f 638 641 643
f 524 535 531
f 530 531 534
f 519 520 521
f 629 520 519
f 752 630 628
f 645 633 646
f 641 642 643
f 644 639 533
f 639 187 206
f 188 146 86
f 227 236 116
f 194 116 164
f 163 194 164
f 86 146 193
f 187 188 86
f 533 206 538
f 531 535 534
f 530 534 536
f 535 536 534
f 86 87 187
f 537 538 527
f 536 527 532
f 615 135 85
f 97 209 191
f 98 217 97
f 217 209 97
f 161 217 98
f 107 106 190
f 109 108 160
f 195 108 158
f 195 118 108
f 125 118 242
f 118 195 172
f 118 172 242
f 172 233 242
f 242 181 125
f 157 158 108
f 190 191 137
f 141 190 137
f 103 153 95
f 124 239 114
f 168 154 114
f 139 103 94
f 147 105 104
f 93 214 104
f 147 104 214
f 92 212 93
f 92 152 211
f 212 138 93
f 93 138 214
f 117 105 171
f 123 117 180
f 147 171 105
f 104 103 139
f 114 154 153
f 103 114 153
f 103 95 94
f 94 141 208
f 141 137 208
f 94 140 141
f 109 107 190
f 106 98 97
f 190 97 191
f 135 134 85
f 88 189 85
f 206 134 527
f 85 134 206
f 206 527 538
f 92 93 207
f 101 151 149
f 165 151 166
f 179 165 112
f 112 234 179
f 179 234 202
f 122 178 121
f 170 167 113
f 216 215 102
f 215 213 102
f 102 170 113
f 122 167 178
f 121 127 122
f 127 128 180
f 124 128 239
f 239 128 240
f 247 240 128
f 698 129 692
f 181 247 129
f 219 218 224
f 162 219 224
f 209 162 110
f 209 220 191
f 220 142 191
f 191 142 143
f 143 221 223
f 222 225 221
f 230 232 115
f 173 174 115
f 174 244 243
f 175 230 115
f 115 174 175
f 225 222 115
f 810 232 230
f 196 197 111
f 210 144 99
f 191 210 99
f 135 596 134
f 596 539 134
f 595 604 539
f 532 539 604
f 525 532 604
f 525 526 532
f 528 530 526
f 528 519 530
f 540 541 528
f 519 541 629
f 629 541 635
f 635 755 757
f 753 757 755
f 757 753 751
f 511 518 634
f 751 634 752
f 752 757 751
f 632 631 630
f 626 632 518
f 633 632 626
f 633 626 646
f 517 640 626
f 640 517 516
f 642 640 637
f 643 642 637
f 515 514 644
f 644 643 515
f 90 91 192
f 90 132 133
f 514 90 192
f 514 192 639
f 639 192 187
f 188 187 136
f 136 192 91
f 145 198 169
f 691 237 84
f 443 697 696
f 443 702 697
f 443 663 702
f 663 711 710
f 663 687 711
f 687 694 711
f 687 665 694
f 647 679 694
f 694 679 713
f 653 684 681
f 679 652 653
f 653 713 679
f 680 681 654
f 686 676 655
f 685 686 655
f 655 676 690
f 712 670 690
f 690 677 712
f 677 695 712
f 677 656 695
f 732 720 719
f 730 719 718
f 730 731 732
f 677 690 676
f 677 676 717
f 674 662 675
f 662 661 675
f 676 674 717
f 676 662 674
f 658 657 672
f 675 672 715
f 675 661 672
f 661 658 672
f 672 673 715
f 672 657 673
f 657 660 673
f 715 659 671
f 659 653 671
f 673 660 715
f 660 659 715
f 653 652 669
f 671 669 715
f 671 653 669
f 652 649 688
f 669 688 715
f 669 652 688
f 649 651 668
f 688 649 668
f 651 650 667
f 668 651 667
f 667 650 666
f 650 648 666
f 666 648 664
f 648 665 664
f 664 665 716
f 729 730 716
f 665 687 716
f 687 663 716
f 729 733 731
f 745 746 743
f 744 746 442
f 678 656 677
f 131 199 200
f 177 200 199
f 111 197 440
f 606 607 597
f 594 610 607
f 607 610 614
f 593 595 613
f 588 523 591
f 590 592 598
f 591 592 590
f 600 609 602
f 598 592 593
f 600 599 609
f 601 594 607
f 601 602 594
f 609 594 602
f 593 592 595
f 599 593 613
f 599 613 609
f 594 609 608
f 592 605 595
f 592 591 605
f 591 603 605
f 609 612 608
f 594 608 610
f 601 607 606
f 589 606 611
f 99 440 611
f 606 597 611
f 611 597 99
f 607 614 597
f 189 89 614
f 614 615 189
f 610 608 615
f 608 612 615
f 612 596 135
f 613 539 596
f 613 595 539
f 605 604 595
f 525 604 603
f 625 756 755
f 756 749 755
f 753 755 754
f 618 748 619
f 748 754 619
f 754 749 619
f 749 750 623
f 619 749 623
f 510 621 622
f 617 510 622
f 616 620 621
f 616 618 620
f 620 623 554
f 620 619 623
f 523 529 525
f 750 625 540
f 750 565 623
f 576 575 568
f 582 577 568
f 436 584 437
f 573 582 437
f 333 320 295
f 328 333 295
f 335 313 312
f 335 284 331
f 283 284 290
f 305 283 293
f 305 317 283
f 269 299 298
f 300 303 299
f 288 271 270
f 287 288 270
f 300 299 271
f 302 303 300
f 302 300 272
f 301 303 302
f 289 275 274
f 303 301 275
f 289 273 275
f 304 282 273
f 306 282 304
f 306 304 276
f 308 282 306
f 305 286 289
f 308 306 286
f 307 282 308
f 309 285 307
f 285 282 307
f 293 280 279
f 277 285 309
f 309 307 280
f 292 278 277
f 290 284 292
f 336 285 310
f 335 291 284
f 311 336 310
f 311 310 291
f 312 336 311
f 313 336 312
f 295 336 313
f 337 336 295
f 347 415 414
f 347 414 411
f 347 411 410
f 346 410 413
f 346 413 412
f 346 403 402
f 346 402 409
f 346 409 408
f 345 346 408
f 345 404 407
f 345 407 406
f 345 406 387
f 345 387 386
f 345 386 401
f 343 345 401
f 343 400 397
f 343 397 396
f 343 396 399
f 343 399 398
f 343 398 389
f 344 343 389
f 344 388 395
f 344 395 394
f 344 394 391
f 344 391 390
f 344 390 393
f 342 344 393
f 342 392 355
f 342 355 354
f 342 354 385
f 342 385 384
f 340 342 384
f 340 381 380
f 340 380 383
f 340 383 382
f 340 382 373
f 340 373 372
f 341 340 372
f 341 379 378
f 341 378 375
f 341 375 374
f 341 374 377
f 341 377 376
f 339 341 376
f 339 357 356
f 339 356 371
f 339 371 370
f 339 370 367
f 339 366 369
f 338 339 369
f 338 368 359
f 338 359 358
f 338 358 365
f 338 364 361
f 338 361 360
f 338 360 363
f 504 722 721
f 498 497 722
f 496 723 722
f 488 724 723
f 480 725 724
f 477 476 725
f 473 726 725
f 465 727 726
f 457 728 727
f 456 455 728
f 455 454 728
f 448 435 728
f 350 362 352
f 338 363 362
f 433 350 430
f 296 319 326
f 314 323 319
f 318 314 319
f 65 63 59
f 137 762 770
f 137 770 769
f 208 769 768
f 208 768 767
f 94 208 771
f 208 767 771
f 94 771 766
f 139 94 766
f 765 139 766
f 764 139 765
f 93 139 764
f 763 93 764
f 207 93 763
f 88 207 763
f 762 88 763
f 777 772 226
f 777 226 196
f 777 196 778
f 778 196 111
f 779 111 144
f 144 780 779
f 144 210 780
f 781 210 223
f 781 223 782
f 782 223 225
f 783 225 784
f 784 225 232
f 232 786 784
f 232 241 786
f 788 241 248
f 248 773 788
f 248 774 773
f 774 248 183
f 774 183 775
f 183 184 775
f 775 184 776
f 177 785 789
f 200 177 789
f 184 200 776
f 241 788 787
f 241 787 786
f 791 790 246
f 246 792 791
f 792 246 182
f 792 182 793
f 793 182 794
f 182 231 794
f 794 231 795
f 231 176 795
f 796 808 797
f 808 806 798
f 798 806 799
f 806 800 799
f 800 801 799
f 800 803 801
f 802 804 803
f 804 802 807
f 802 805 807
f 805 802 808
f 808 796 805
f 800 806 808
f 815 809 115
f 815 115 222
f 222 221 816
f 221 817 816
f 221 143 817
f 143 818 817
f 143 142 818
f 819 142 220
f 220 110 826
f 110 820 826
f 110 224 820
f 820 224 821
f 821 224 229
f 229 823 821
f 229 228 823
f 203 811 825
f 203 245 811
f 245 812 811
f 812 245 813
f 245 126 813
f 814 126 827
f 822 810 230
f 810 822 827
f 126 810 827
f 824 228 203
f 203 825 824
f 228 824 823
f 829 828 175
f 829 175 243
f 243 830 829
f 243 831 830
f 831 243 244
f 831 244 832
f 244 174 832
f 833 174 834
f 174 173 834
f 835 844 837
f 844 836 837
f 837 836 838
f 838 836 840
f 836 839 840
f 839 842 840
f 842 839 841
f 841 843 842
f 843 841 846
f 843 846 845
f 846 841 839
f 839 836 846
f 209 847 850
f 209 217 847
f 847 217 848
f 217 161 848
f 218 219 856
f 856 219 857
f 219 162 858
f 876 168 239
f 240 869 239
f 240 247 870
f 247 871 870
f 247 181 872
f 869 240 870
f 239 869 876
f 242 874 873
f 242 233 874
f 874 233 875
f 233 172 875
f 877 147 878
f 147 214 878
f 214 879 878
f 214 138 879
f 138 880 879
f 138 212 880
f 212 211 881
f 881 211 882
f 211 152 882
f 883 882 152
f 170 102 887
f 887 102 891
f 102 888 891
f 102 213 888
f 888 213 889
f 213 215 889
f 215 216 890
f 216 892 890
f 892 216 113
f 113 893 892
f 897 896 185
f 237 185 896
f 237 896 915
f 235 237 914
f 237 915 914
f 169 235 913
f 169 913 911
f 911 145 169
f 235 914 913
f 185 202 897
f 897 202 899
f 202 234 899
f 898 234 112
f 898 112 901
f 164 904 903
f 904 164 116
f 116 908 904
f 116 905 908
f 905 238 906
f 238 236 906
f 236 227 906
f 906 227 907
f 907 227 909
f 227 194 909
f 927 40 917
f 46 40 927
f 19 46 930
f 936 19 930
f 940 19 936
f 82 19 940
f 943 66 82
f 940 943 82
f 66 943 922
f 922 83 66
f 83 922 948
f 924 81 83
f 83 948 924
f 923 81 924
f 15 81 923
f 13 15 950
f 950 76 13
f 949 76 950
f 949 9 76
f 3 9 944
f 3 944 921
f 27 3 921
f 931 27 937
f 26 27 931
f 26 931 928
f 1 26 928
f 925 52 1
f 1 928 925
f 52 925 926
f 926 7 52
f 951 78 935
f 78 939 935
f 78 920 939
f 920 78 79
f 79 942 920
f 79 80 942
f 942 80 947
f 80 14 947
f 946 14 60
f 60 8 945
f 941 8 30
f 30 71 938
f 932 71 933
f 71 31 933
f 933 31 929
f 31 32 929
f 32 34 916
f 951 935 934
f 42 951 934
f 969 968 966
f 968 967 966
f 966 972 974
f 974 975 971
f 975 973 971
f 972 975 974
f 967 970 966
f 966 974 969
f 959 974 971
f 971 961 959
f 971 962 961
f 962 971 973
f 962 973 965
f 973 975 965
f 965 975 964
f 972 966 963
f 966 960 954
f 960 966 970
f 960 970 952
f 970 967 952
f 955 952 967
f 967 968 955
f 968 956 955
f 968 957 956
f 969 958 957
f 975 972 963
f 974 959 953
f 958 969 974
f 974 953 958
f 988 979 16
f 16 55 988
f 55 74 987
f 74 985 987
f 74 2 985
f 2 986 985
f 986 2 51
f 986 51 984
f 51 22 984
f 22 976 984
f 22 989 976
f 22 23 989
f 23 24 995
f 995 24 999
f 24 50 999
f 50 1000 999
f 1000 50 981
f 981 50 6
f 70 980 54
f 70 997 996
f 70 69 997
f 69 990 997
f 990 69 991
f 69 73 991
f 991 73 992
f 73 29 992
f 29 10 993
f 994 10 998
f 10 11 998
f 11 982 998
f 1090 1001 1002
f 1006 1003 1007
f 1008 1004 1006
f 1007 1008 1006
f 1010 1020 1019
f 1020 1010 1011
f 1010 1005 1011
f 1012 1052 1015
f 1021 1084 1024
f 1022 1024 1025
f 1026 1022 1025
f 1027 1089 1088
f 1086 1028 1085
f 1031 1034 1030
f 1034 1038 1030
f 1032 1034 1031
f 1033 1034 1032
f 1035 1037 1034
f 1040 1041 1037
f 1045 1043 1044
f 1045 1044 1046
f 1053 1045 1047
f 1050 1053 1048
f 1052 1050 1014
f 1045 1053 1050
f 1054 1042 1041
f 1057 1060 1058
f 1057 1058 1059
f 1057 1079 1061
f 1079 1078 1064
f 1077 1069 1068
f 1071 1070 1069
f 1071 1076 1073
f 1076 1082 1075
f 1057 1059 1055
f 1087 1085 1028
f 1087 1028 1088
f 1090 1007 1003
f 1090 1003 1001
f 1093 1095 1092
f 1094 1095 1096
f 1096 1505 1097
f 1099 1111 1100
f 1104 1103 1105
f 1106 1104 1105
f 1100 1107 1106
f 1108 1100 1106
f 1099 1100 1108
f 1109 1099 1108
f 1107 1101 1106
f 1101 1104 1106
f 1101 1110 1102
f 1111 1110 1101
f 1110 1517 1112
f 1115 1117 1114
f 1114 1518 1116
f 1117 1120 1114
f 1121 1119 1118
f 1122 1135 1134
f 1122 1134 1133
f 1130 1262 1122
f 1122 1133 1130
f 1125 1124 1113
f 1125 1486 1124
f 1287 1289 1488
f 1287 1488 1288
f 1288 1488 1268
f 1128 1265 1266
f 1266 1127 1128
f 1263 1128 1126
f 1130 1133 1132
f 1130 1132 1131
f 1134 1136 1133
f 1136 1134 1138
f 1136 1137 1132
f 1139 1132 1137
f 1137 1136 1138
f 1139 1138 1140
f 1142 1140 1138
f 1143 1140 1141
f 1541 1141 1140
f 1144 1143 1145
f 1531 1139 1143
f 1146 1145 1147
f 1145 1141 1150
f 1149 1160 1148
f 1152 1149 1147
f 1151 1150 1141
f 1153 1152 1150
f 1154 1152 1539
f 1152 1153 1539
f 1154 1157 1149
f 1155 1154 1466
f 1154 1156 1466
f 1154 1155 1157
f 1155 1462 1157
f 1157 1158 1159
f 1158 1161 1159
f 1157 1159 1160
f 1159 1162 1163
f 1159 1161 1162
f 1161 1460 1162
f 1162 1165 1166
f 1164 1167 1165
f 1165 1168 1169
f 1167 1170 1168
f 1168 1171 1173
f 1170 1174 1171
f 1171 1172 1211
f 1176 1172 1171
f 1176 1174 1175
f 1174 1170 1458
f 1176 1177 1210
f 1178 1208 1177
f 1175 1181 1179
f 1209 1208 1178
f 1180 1207 1208
f 1208 1209 1179
f 1181 1183 1180
f 1182 1184 1183
f 1458 1182 1181
f 1187 1185 1183
f 1185 1186 1180
f 1185 1188 1190
f 1187 1191 1188
f 1191 1192 1189
f 1188 1189 1206
f 1195 1193 1191
f 1193 1196 1192
f 1194 1197 1196
f 1454 1194 1193
f 1199 1198 1196
f 1196 1198 1200
f 1201 1198 1199
f 1205 1200 1198
f 1205 1203 1200
f 1205 1204 1203
f 1200 1203 1189
f 1203 1204 1206
f 1212 1211 1210
f 1216 1214 1212
f 1173 1211 1212
f 1217 1215 1214
f 1169 1173 1214
f 1218 1216 1213
f 1218 1219 1217
f 1221 1224 1219
f 1223 1221 1218
f 1223 1235 1236
f 1236 1222 1221
f 1221 1222 1227
f 1227 1226 1224
f 1224 1226 1228
f 1228 1229 1225
f 1224 1225 1534
f 1222 1228 1226
f 1226 1227 1222
f 1222 1131 1229
f 1131 1230 1229
f 1225 1229 1230
f 1230 1231 1532
f 1131 1530 1231
f 1231 1230 1131
f 1131 1222 1239
f 1239 1222 1232
f 1223 1234 1233
f 1234 1232 1233
f 1233 1235 1223
f 1220 1210 1234
f 1222 1236 1235
f 1232 1237 1240
f 1238 1240 1237
f 1238 1415 1240
f 1240 1239 1232
f 1240 1241 1261
f 1261 1262 1240
f 1242 1255 1256
f 1256 1241 1242
f 1241 1240 1242
f 1242 1243 1252
f 1415 1244 1245
f 1245 1243 1242
f 1415 1247 1244
f 1247 1246 1244
f 1245 1246 1243
f 1246 1249 1243
f 1248 1246 1422
f 1246 1247 1422
f 1250 1249 1420
f 1249 1246 1420
f 1251 1249 1250
f 1252 1249 1251
f 1253 1242 1251
f 1257 1256 1255
f 1255 1253 1254
f 1259 1261 1241
f 1241 1256 1257
f 1258 1257 1424
f 1257 1254 1424
f 1260 1259 1264
f 1259 1257 1264
f 1265 1128 1259
f 1128 1263 1262
f 1262 1261 1128
f 1262 1263 1129
f 1239 1240 1262
f 1265 1260 1266
f 1267 1266 1260
f 1268 1267 1260
f 1322 1323 1270
f 1270 1269 1322
f 1322 1269 1288
f 1272 1288 1269
f 1269 1270 1273
f 1274 1286 1271
f 1271 1288 1272
f 1273 1276 1275
f 1272 1275 1278
f 1276 1305 1277
f 1275 1277 1280
f 1274 1278 1279
f 1278 1280 1282
f 1281 1283 1282
f 1277 1302 1281
f 1289 1282 1283
f 1289 1284 1279
f 1284 1289 1287
f 1286 1285 1287
f 1284 1287 1285
f 1285 1286 1274
f 1288 1271 1286
f 1322 1288 1268
f 1268 1324 1322
f 1290 1292 1294
f 1290 1283 1281
f 1292 1290 1291
f 1292 1293 1493
f 1493 1294 1292
f 1295 1296 1500
f 1500 1293 1295
f 1299 1296 1297
f 1295 1291 1300
f 1298 1350 1351
f 1351 1299 1298
f 1297 1300 1301
f 1300 1302 1303
f 1291 1281 1302
f 1303 1302 1277
f 1301 1303 1304
f 1306 1304 1303
f 1308 1306 1305
f 1527 1304 1306
f 1307 1306 1308
f 1311 1310 1308
f 1309 1308 1276
f 1315 1312 1310
f 1312 1313 1307
f 1328 1313 1312
f 1316 1314 1312
f 1315 1317 1318
f 1318 1324 1316
f 1311 1320 1319
f 1319 1317 1315
f 1324 1318 1317
f 1317 1319 1320
f 1320 1321 1322
f 1309 1322 1321
f 1321 1320 1311
f 1273 1270 1323
f 1323 1322 1309
f 1324 1317 1322
f 1325 1326 1324
f 1326 1325 1327
f 1316 1324 1326
f 1327 1334 1314
f 1328 1329 1330
f 1332 1330 1329
f 1343 1332 1331
f 1337 1340 1335
f 1337 1335 1336
f 1340 1337 1338
f 1338 1337 1339
f 1334 1335 1340
f 1340 1341 1343
f 1341 1338 1526
f 1342 1344 1343
f 1344 1345 1332
f 1346 1347 1345
f 1348 1346 1344
f 1298 1301 1347
f 1350 1298 1346
f 1342 1526 1349
f 1352 1351 1350
f 1350 1348 1352
f 1299 1351 1353
f 1353 1352 1354
f 1349 1357 1354
f 1354 1356 1390
f 1357 1359 1356
f 1349 1526 1358
f 1358 1361 1359
f 1359 1360 1385
f 1361 1362 1360
f 1363 1365 1362
f 1366 1363 1361
f 1366 1339 1364
f 1363 1364 1368
f 1526 1338 1366
f 1362 1365 1367
f 1365 1368 1369
f 1525 1371 1369
f 1367 1369 1370
f 1371 1372 1373
f 1372 1374 1376
f 1374 1375 1377
f 1380 1378 1376
f 1381 1373 1376
f 1383 1379 1378
f 1379 1367 1381
f 1370 1371 1373
f 1384 1383 1380
f 1380 1377 1524
f 1360 1362 1379
f 1385 1360 1383
f 1389 1385 1384
f 1386 1384 1382
f 1391 1389 1386
f 1387 1386 1388
f 1390 1389 1391
f 1356 1385 1389
f 1392 1391 1393
f 1393 1391 1387
f 1395 1499 1394
f 1395 1393 1396
f 1397 1396 1398
f 1396 1387 1399
f 1397 1398 1400
f 1398 1399 1401
f 1401 1520 1400
f 1520 1519 1402
f 1400 1402 1403
f 1402 1409 1406
f 1403 1402 1404
f 1408 1407 1406
f 1406 1404 1402
f 1403 1475 1400
f 1238 1237 1414
f 1242 1240 1415
f 1416 1417 1247
f 1247 1415 1238
f 1417 1416 1414
f 1414 1413 1417
f 1418 1417 1412
f 1423 1247 1417
f 1417 1418 1419
f 1418 1426 1419
f 1419 1268 1248
f 1268 1421 1248
f 1421 1420 1248
f 1248 1422 1423
f 1421 1424 1425
f 1260 1264 1421
f 1264 1258 1421
f 1258 1424 1421
f 1251 1421 1425
f 1419 1426 1325
f 1268 1419 1325
f 1431 1432 1427
f 1427 1411 1429
f 1428 1429 1411
f 1429 1431 1427
f 1431 1429 1437
f 1429 1430 1437
f 1432 1431 1433
f 1433 1431 1434
f 1435 1434 1436
f 1438 1436 1434
f 1202 1199 1436
f 1439 1436 1199
f 1442 1435 1439
f 1440 1439 1197
f 1444 1442 1440
f 1441 1440 1194
f 1443 1433 1435
f 1445 1443 1442
f 1445 1444 1446
f 1444 1441 1449
f 1447 1446 1448
f 1446 1449 1450
f 1449 1451 1452
f 1441 1454 1451
f 1451 1453 1455
f 1454 1195 1453
f 1453 1184 1182
f 1195 1187 1184
f 1456 1455 1182
f 1452 1455 1456
f 1456 1167 1457
f 1167 1164 1457
f 1170 1167 1456
f 1457 1460 1459
f 1460 1161 1459
f 1459 1450 1452
f 1459 1161 1461
f 1161 1158 1461
f 1448 1450 1459
f 1463 1465 1448
f 1461 1462 1463
f 1462 1155 1463
f 1468 1465 1463
f 1466 1467 1464
f 1539 1540 1156
f 1540 1116 1156
f 1469 1447 1465
f 1470 1445 1447
f 1470 1432 1443
f 1475 1473 1476
f 1397 1475 1476
f 1477 1397 1478
f 1478 1482 1492
f 1479 1510 1480
f 1481 1479 1480
f 1091 1486 1487
f 1491 1289 1492
f 1289 1294 1492
f 1477 1294 1493
f 1494 1493 1293
f 1293 1500 1494
f 1497 1477 1494
f 1495 1498 1496
f 1499 1497 1496
f 1498 1392 1394
f 1353 1355 1498
f 1355 1390 1392
f 1495 1500 1296
f 1296 1299 1495
f 1508 1481 1503
f 1503 1501 1502
f 1504 1503 1509
f 1506 1507 1508
f 1507 1481 1508
f 1510 1512 1502
f 1509 1512 1511
f 1474 1511 1512
f 1515 1516 1514
f 1432 1517 1516
f 1521 1520 1401
f 1522 1521 1523
f 1399 1388 1523
f 1388 1382 1524
f 1375 1522 1524
f 1525 1336 1335
f 1336 1525 1364
f 1347 1304 1527
f 1345 1527 1330
f 1330 1527 1307
f 1239 1262 1130
f 1131 1528 1529
f 1529 1530 1131
f 1132 1528 1131
f 1531 1529 1528
f 1528 1132 1139
f 1532 1231 1530
f 1530 1529 1531
f 1532 1531 1144
f 1225 1532 1533
f 1534 1533 1535
f 1533 1144 1146
f 1535 1537 1538
f 1535 1146 1148
f 1163 1166 1538
f 1160 1163 1537
f 1217 1536 1538
f 1166 1169 1215
f 1534 1536 1217
f 1186 1208 1207
f 1204 1208 1186
f 1539 1153 1123
f 1553 1558 1543
f 1558 1553 1544
f 4318 1545 1546
f 3928 4318 1546
f 3929 3927 1546
f 1546 1552 1548
f 3929 1546 1547
f 1546 1548 1547
f 3930 3929 3931
f 3929 1547 3931
f 1547 1548 3933
f 1552 1549 1548
f 1551 1558 1550
f 1543 1549 1552
f 1546 1545 1552
f 1545 1543 1552
f 1545 1553 1543
f 1558 1551 1543
f 1550 1559 3961
f 1556 3961 1559
f 1554 3961 3954
f 1554 3954 1555
f 1554 1555 3958
f 3959 3958 1555
f 1555 3954 3953
f 1557 1559 1558
f 1544 1557 1558
f 1544 1603 1557
f 1545 4318 1603
f 4319 4318 3928
f 3928 1561 4319
f 3926 3925 1561
f 1560 1561 1562
f 1561 3925 1563
f 3074 1564 1562
f 1564 1567 1565
f 1566 4318 4319
f 4319 1560 1565
f 1567 1568 1566
f 1570 1569 1567
f 1569 1572 1568
f 4041 1571 1569
f 1571 1573 1572
f 1573 1575 1574
f 1572 1574 1576
f 1578 1576 1574
f 1574 1575 1578
f 1568 1576 1577
f 1577 1576 1578
f 1579 1578 1581
f 1578 1580 1582
f 1581 1582 1586
f 1583 1581 1584
f 1584 1587 1585
f 1586 1590 1584
f 1590 1588 1584
f 1601 1587 1589
f 1589 1588 1593
f 1588 1590 1593
f 3046 1592 1586
f 1592 1591 1586
f 1593 1591 1594
f 1591 1592 1594
f 1594 1597 1589
f 1589 1593 1594
f 1594 1592 1596
f 1595 1599 1596
f 1594 1596 1597
f 1599 1598 1596
f 1597 1596 1598
f 1600 1598 1599
f 1600 1601 1598
f 1601 1589 1597
f 1601 1600 1602
f 4316 4317 1600
f 1604 4316 1600
f 1585 1602 4317
f 1602 1600 4317
f 4317 1603 4318
f 4316 1557 4317
f 1557 1603 4317
f 1600 1599 1604
f 1605 3483 1599
f 1595 1605 1599
f 1607 4118 1606
f 1608 1606 1609
f 1609 2599 1610
f 1608 1609 1610
f 1611 1608 1610
f 1613 1612 1614
f 3489 1613 1614
f 4273 1615 4274
f 4273 1614 1615
f 3490 3489 1614
f 4273 4221 1617
f 3490 4273 1616
f 4227 1618 1616
f 1618 1620 1619
f 1620 1622 1621
f 1621 1622 1623
f 3490 1623 1625
f 1624 1626 1625
f 1625 1626 3490
f 1626 1624 1627
f 1629 1633 1626
f 1629 1627 1630
f 1627 1628 1630
f 1624 1659 1628
f 1629 1630 1649
f 1634 1633 1632
f 1632 1633 1629
f 1629 1631 1632
f 1633 3501 3517
f 1633 1634 1635
f 1634 1631 1637
f 1635 1637 1639
f 1636 3502 3501
f 3501 1633 1635
f 1631 1649 1638
f 1637 1638 1641
f 1636 1639 1640
f 1639 1641 1642
f 1641 1643 1645
f 1638 1646 1643
f 1643 1644 3595
f 1646 1647 1644
f 1649 1648 1646
f 1648 1650 1647
f 1630 1651 1648
f 1651 1652 1650
f 1651 1628 1652
f 1628 1656 1652
f 1652 1653 1655
f 1653 1656 1654
f 1656 1657 1654
f 1653 1654 3610
f 1659 1658 1656
f 1658 1660 1657
f 1625 1661 1658
f 1661 1662 1660
f 1623 1663 1661
f 1663 1664 1662
f 1665 1663 1623
f 1666 1664 1663
f 1620 1667 1665
f 1667 1668 1666
f 1669 1667 1620
f 1671 1668 1667
f 1673 1671 1669
f 1670 1669 1618
f 1672 4315 1668
f 1674 1672 1671
f 1675 1673 1670
f 1675 1677 1674
f 1676 4236 1679
f 1679 1678 1675
f 1675 1678 1680
f 1680 1689 1677
f 1681 1678 1679
f 1684 1680 1678
f 1683 1681 1682
f 1685 1684 1681
f 1684 1686 1689
f 1685 1688 1686
f 1686 1687 1690
f 1688 1698 1687
f 1677 1689 1690
f 1690 1691 1693
f 1687 1694 1691
f 1694 1695 1692
f 1693 1691 1692
f 1692 1706 1708
f 1698 1696 1694
f 1696 1699 1695
f 4253 1697 1696
f 1697 1700 1699
f 1700 1702 1701
f 1699 1701 1704
f 1702 2340 1703
f 1701 1703 1705
f 1695 1704 1706
f 1704 1705 1707
f 1708 1706 1707
f 1707 2344 1709
f 1693 1708 1710
f 1708 1709 2356
f 1711 1710 1712
f 1710 2356 1714
f 1713 1712 1715
f 1716 1715 1717
f 1715 1714 1719
f 1717 1720 1723
f 1719 1722 1720
f 1720 1721 1725
f 1722 2363 1721
f 1718 1723 1724
f 1723 1725 1726
f 1725 1727 1728
f 1721 1729 1727
f 1727 1730 1731
f 1729 1732 1730
f 1738 1731 1736
f 1731 1730 1736
f 1733 1730 1734
f 1730 1732 1734
f 1734 2409 1735
f 1733 1735 1737
f 1736 1737 1740
f 3611 1657 1739
f 1657 1731 1739
f 1738 1740 1741
f 1741 1740 1742
f 1737 1745 1742
f 1742 1744 3605
f 1745 1747 1744
f 1735 1746 1745
f 1746 1749 1747
f 1749 1751 1748
f 1747 1748 3604
f 1750 1753 1751
f 2407 1750 1749
f 1752 1751 1753
f 1751 1752 3615
f 3615 3614 1748
f 1755 1758 1760
f 1760 1754 1753
f 1757 1755 1753
f 1756 2405 1759
f 1759 1758 1755
f 2378 1756 1755
f 1761 1760 1758
f 1758 1759 1764
f 1762 3615 1752
f 1754 1760 1761
f 1762 1752 1761
f 1761 1763 1802
f 1764 1765 1763
f 1764 1759 2405
f 2404 1768 1766
f 1764 2405 2404
f 1766 1769 1765
f 1767 1771 1769
f 1766 1768 2403
f 2402 2401 1767
f 1766 2403 1767
f 1769 1770 1797
f 1771 1772 1770
f 1773 1771 1767
f 1775 1772 1771
f 1776 1777 1772
f 1778 1779 1777
f 1780 1781 1779
f 1782 1784 1781
f 1783 1785 1784
f 1784 1785 1787
f 1781 1784 1786
f 1786 1787 2270
f 1789 1786 1788
f 1779 1781 1789
f 1791 1789 1790
f 1777 1779 1791
f 1792 1791 1793
f 1793 1790 2284
f 1795 1793 1794
f 1797 1795 1796
f 1770 1792 1795
f 1765 1797 1798
f 1798 1796 1801
f 1763 1798 1799
f 1799 1801 2289
f 1802 1799 1800
f 1762 1802 1803
f 1803 1800 1807
f 1804 1803 1805
f 1806 1805 1808
f 1805 1807 1811
f 1809 1808 1810
f 1808 1811 1812
f 1807 1815 1813
f 1811 1813 1814
f 1813 1816 1817
f 1815 1818 1816
f 1816 1819 1822
f 1818 1821 1819
f 1821 2290 1820
f 1819 1820 1823
f 1817 1822 1824
f 1822 1823 1827
f 1825 1824 1826
f 1824 1827 1828
f 1827 1829 1831
f 1823 1830 1829
f 1830 1833 1832
f 1829 1832 1835
f 1833 2294 1834
f 1832 1834 1836
f 1834 1839 1837
f 1840 1836 1837
f 1839 2312 1838
f 2311 1840 1838
f 1844 1842 1843
f 1846 3578 1842
f 1845 1844 1843
f 1850 2184 2178
f 1847 1848 1852
f 1852 3578 1846
f 1851 3578 1852
f 1848 1851 1852
f 1848 1849 1851
f 1850 1851 1849
f 2178 1853 1850
f 2178 2182 1853
f 1854 3573 1850
f 1857 1854 1853
f 1855 2182 2178
f 1856 1858 1854
f 1860 1859 1856
f 1859 1861 1858
f 1860 1862 1859
f 1862 1863 1861
f 1865 1864 1862
f 1864 1867 1863
f 1865 1866 1864
f 1866 1869 1867
f 1867 1868 3572
f 1869 1871 1868
f 2027 1870 1869
f 1870 1873 1871
f 1871 1872 3574
f 1873 1874 1872
f 1882 3561 1874
f 1874 1873 1882
f 1873 1875 1882
f 1877 1875 1873
f 1879 1876 1875
f 1878 1877 1870
f 1877 1878 2004
f 2004 1880 1877
f 1995 1887 1879
f 1879 1880 1995
f 1879 1887 1881
f 1881 1882 1876
f 1888 1887 1995
f 1882 1881 1887
f 1882 1887 1883
f 1883 3561 1882
f 1883 1887 1885
f 1886 1885 1887
f 1889 1890 1887
f 1890 1886 1887
f 1889 1887 1888
f 1891 1890 1889
f 1892 1891 1889
f 1894 1892 1893
f 1980 1895 1893
f 3540 1894 1895
f 1980 1896 1895
f 1896 3545 1895
f 3541 3540 1895
f 3541 1895 3545
f 1897 3541 3545
f 3545 1993 1898
f 3466 1898 1900
f 1902 4308 1900
f 1902 1989 1991
f 2061 4308 1902
f 2055 2061 1902
f 1902 1903 1921
f 1903 1904 1921
f 1917 1904 1903
f 1902 1991 1903
f 1991 1906 1903
f 1906 1916 1903
f 1906 1908 1916
f 1916 1908 1905
f 1991 1992 1906
f 1907 1908 1906
f 1918 1919 1904
f 1919 1921 1904
f 1921 1922 1946
f 1946 1944 1940
f 1944 1942 1940
f 1942 1941 1940
f 1940 1939 1946
f 1921 1946 1939
f 1928 1921 1934
f 1932 1929 1928
f 1934 1933 1932
f 1936 1935 1938
f 1935 1934 1938
f 1938 1937 1936
f 1939 1938 1921
f 1921 1938 1934
f 1923 1921 1928
f 1925 1923 1928
f 1924 1923 1925
f 1926 1925 1927
f 1927 1925 1928
f 1930 1931 2018
f 1932 1933 1930
f 1938 1931 1937
f 1931 1930 1937
f 1930 1933 1934
f 1930 1934 1935
f 1936 1937 1930
f 1931 1938 1939
f 1942 1943 1941
f 1943 1931 1941
f 1939 1940 1931
f 1942 1944 1945
f 1945 1944 1946
f 1946 1947 1948
f 1922 1951 1947
f 1951 1949 1947
f 1948 1947 1949
f 1949 1950 1997
f 1997 1998 1949
f 1949 1951 1952
f 1952 1953 1950
f 1953 1994 1950
f 1954 1955 1953
f 1956 1958 1888
f 1958 1959 1888
f 1959 1961 1889
f 1961 1963 1889
f 1965 1967 1973
f 1967 1966 1973
f 1889 1963 1893
f 1963 1965 1893
f 1893 1973 1978
f 1973 1966 1971
f 1966 1969 1968
f 1968 1971 1966
f 1969 1966 1967
f 1968 1970 1971
f 1970 1973 1971
f 1970 1972 1973
f 1972 1975 1973
f 1972 1974 1975
f 1975 1977 1973
f 1974 1977 1975
f 1974 1976 1977
f 1977 1978 1973
f 1976 1978 1977
f 1976 1979 1978
f 1981 1896 1980
f 1981 1982 1896
f 1982 1983 1896
f 1985 1900 3545
f 3545 1896 1985
f 1983 1985 1896
f 1983 1984 1985
f 1984 1986 1985
f 1900 1985 1986
f 1986 1984 1987
f 1900 1986 1989
f 1987 1989 1986
f 1987 1988 1989
f 1900 1989 1902
f 1988 1990 1989
f 1990 1992 1991
f 1898 1993 1900
f 3466 1899 1898
f 1994 1953 1957
f 1995 1994 1957
f 1997 1950 1994
f 1994 1995 1996
f 1997 1996 1880
f 1999 2000 2014
f 2014 1998 1999
f 1999 1880 2004
f 2000 1999 2001
f 2001 2004 1878
f 2003 2001 2002
f 2006 2003 2005
f 2003 2006 2009
f 2009 2011 2003
f 2010 2009 2006
f 2007 2006 2008
f 2012 2011 2009
f 2015 2013 2011
f 2013 2014 2000
f 2016 1998 2014
f 2017 2016 2013
f 1943 1945 2016
f 1945 1948 1998
f 2018 2017 2015
f 1931 1943 2017
f 2018 2015 2012
f 1929 2018 2019
f 2019 2012 2010
f 2019 2010 2007
f 4313 2007 2020
f 2021 2023 2020
f 4313 2020 2023
f 2168 2022 2023
f 2023 2024 1865
f 2025 2024 2026
f 2026 2005 2025
f 2021 2026 2024
f 2008 2005 2026
f 2025 2027 1866
f 2002 1878 2027
f 2023 1865 1860
f 1928 4313 2022
f 2029 2030 2022
f 2031 2030 2029
f 2032 2031 2029
f 2035 2033 2031
f 2033 2034 2030
f 2036 2038 2034
f 2039 2036 2033
f 2037 4312 2038
f 2041 2037 2036
f 2040 2039 2035
f 2043 2041 2039
f 2042 4311 2037
f 2044 2042 2041
f 2045 2043 2040
f 2047 2044 2043
f 2046 2057 2048
f 2048 2047 2045
f 2050 2049 2047
f 2049 2051 2044
f 2054 2052 2049
f 2052 2053 2051
f 1901 1921 2053
f 2055 1901 2052
f 2061 2055 2054
f 2048 4308 2061
f 2061 2054 2050
f 4308 2048 2057
f 2057 2046 2056
f 2046 2040 2058
f 2056 2058 2059
f 2058 2035 2032
f 2057 2059 2060
f 2059 2032 2029
f 2029 2022 2129
f 2060 2029 2130
f 2057 2063 4308
f 2062 1900 4308
f 2063 2057 2065
f 3420 3422 2064
f 3420 2064 3463
f 2065 2132 2066
f 2065 2066 2067
f 2067 2068 3444
f 2066 2071 2069
f 2069 2165 2073
f 2073 2068 2067
f 2070 2135 2136
f 2072 2165 2069
f 2070 2136 2069
f 2071 2126 2070
f 2072 2139 2165
f 2073 2165 2075
f 2073 2074 2068
f 2068 3443 3444
f 3443 3439 3444
f 2076 2077 2074
f 2077 2068 2074
f 2079 2078 2075
f 2166 2079 2075
f 2078 2076 2073
f 3446 2081 3445
f 2081 2082 2086
f 3445 2081 2086
f 2082 2083 2084
f 2083 2085 2084
f 3437 3445 2086
f 2086 3369 3436
f 3436 3437 2086
f 2165 2164 2166
f 2164 2163 2166
f 2163 2087 2166
f 2087 2088 2085
f 2088 2086 2084
f 2087 2085 2166
f 2088 2084 2085
f 2087 2159 2088
f 2088 2102 3229
f 2101 2089 2102
f 2098 2089 2101
f 2089 2090 2102
f 2097 4307 2090
f 4307 3368 2091
f 4307 2091 2090
f 3368 2096 3233
f 3233 2096 2092
f 2092 2093 3263
f 2094 2093 2095
f 2096 2095 2093
f 2093 2092 2096
f 2095 2096 2097
f 2097 2096 4307
f 2100 2099 2098
f 2100 2098 2101
f 2111 2112 2183
f 2183 2122 2101
f 2101 2102 2183
f 2103 2111 2183
f 2105 2103 2104
f 2150 2151 2106
f 2150 2106 2104
f 2159 2149 2088
f 2149 2148 2088
f 2148 2150 2104
f 2107 2109 2105
f 2105 2109 2103
f 2158 2108 2106
f 2108 2107 2104
f 2113 2111 2110
f 2115 2116 2113
f 2116 2117 2113
f 2117 2112 2113
f 2113 2114 2115
f 2114 2156 2115
f 2156 2155 2157
f 2156 2157 2115
f 2123 2116 2115
f 2115 2133 2123
f 2124 2180 2123
f 2118 2117 2116
f 2116 2123 2120
f 2117 2118 2112
f 2118 2119 2112
f 2121 2120 2123
f 2121 2180 2122
f 2122 2183 2119
f 2101 2122 2180
f 2022 2167 2129
f 2124 2127 2128
f 2126 2124 2125
f 2127 2129 2128
f 2130 2129 2127
f 2065 2130 2131
f 2132 2131 2071
f 2131 2127 2126
f 2057 2130 2065
f 2125 2123 2133
f 2133 2135 2070
f 2125 2133 2070
f 2123 2125 2124
f 2133 2115 2157
f 2157 2134 2133
f 2133 2134 2135
f 2135 2152 2137
f 2137 2138 2135
f 2138 2136 2135
f 2138 2139 2072
f 2144 2143 2137
f 2143 2142 2137
f 2142 2140 2138
f 2140 2141 2139
f 2141 2165 2139
f 2144 2150 2145
f 2150 2148 2146
f 2147 2146 2149
f 2146 2148 2149
f 2137 2152 2144
f 2152 2151 2144
f 2154 2106 2151
f 2152 2135 2153
f 2154 2151 2152
f 2155 2153 2134
f 2153 2135 2134
f 2161 2160 2087
f 2160 2147 2159
f 2087 2160 2159
f 2162 2163 2164
f 2162 2164 2141
f 2166 2085 2080
f 2167 2169 2170
f 2168 2181 2169
f 2167 2170 2171
f 2170 2172 2173
f 2169 2181 2172
f 1855 2172 2181
f 2172 1855 2174
f 2173 2174 2177
f 2171 2173 2175
f 2175 2179 2184
f 2184 2180 2176
f 2177 2178 2179
f 2180 2128 2167
f 2129 2167 2128
f 2184 2101 2180
f 2167 2171 2176
f 2168 2182 2181
f 2168 2028 2182
f 2028 1860 1857
f 2185 2101 2184
f 2188 2185 2186
f 1848 2187 2186
f 2187 2188 2186
f 2187 2191 2188
f 3261 2100 2188
f 2100 2190 2189
f 2193 2190 2100
f 2192 2191 2187
f 2187 4306 2192
f 2192 2193 2191
f 2201 2192 2203
f 3357 2193 2201
f 3357 2194 3260
f 2194 2195 3260
f 2194 2200 2195
f 2195 3258 3260
f 2196 2198 2197
f 2198 2199 3353
f 2196 2199 2198
f 2199 2196 3359
f 2196 2200 3358
f 2194 3358 2200
f 2201 2203 2202
f 2202 3356 3357
f 2205 2204 4306
f 1844 2206 1846
f 1846 2206 1852
f 1840 2311 2208
f 2211 2210 2209
f 2211 2212 2214
f 2217 2216 2215
f 2215 2213 2217
f 2216 2217 2220
f 2218 2220 2222
f 2221 2220 2217
f 2223 2222 2220
f 2226 2224 2222
f 2219 2222 2224
f 2313 2225 2224
f 2227 2224 2225
f 2228 2225 2230
f 2229 2230 2232
f 2231 2232 2234
f 2237 2235 2233
f 2237 2234 2240
f 2238 2240 2241
f 2240 2234 2232
f 2241 2240 2242
f 2242 2232 2230
f 2244 2242 2243
f 2283 2241 2244
f 2245 2244 2246
f 2248 2246 2247
f 2246 2243 2313
f 2275 2245 2248
f 2249 2248 2250
f 2252 2250 2251
f 2250 2247 2303
f 2273 2249 2252
f 2253 2252 2254
f 2254 2251 2301
f 2256 2254 2255
f 2257 2256 2258
f 2268 2253 2256
f 2260 2258 2259
f 2258 2255 2298
f 2262 2260 2261
f 2265 2257 2260
f 2264 2262 2263
f 2266 2265 2262
f 2269 2267 2265
f 2267 2268 2257
f 2270 2271 2268
f 1788 2270 2267
f 1787 2272 2271
f 2271 2273 2253
f 2272 2274 2273
f 2274 2275 2249
f 2277 2276 2274
f 2276 2278 2275
f 2279 2276 2277
f 2281 2278 2276
f 2282 2283 2278
f 2239 2241 2283
f 2278 2283 2245
f 2280 2277 1785
f 1785 2277 2272
f 2284 2269 2266
f 1790 1788 2269
f 1794 2284 2285
f 2285 2266 2264
f 2287 2285 2286
f 1801 2287 2288
f 1796 1794 2287
f 2288 2286 1821
f 2289 2288 1818
f 1800 2289 1815
f 2286 2264 2290
f 2290 2263 2291
f 2263 2261 2292
f 2291 2292 1833
f 1820 2291 1830
f 2261 2259 2293
f 2292 2293 2294
f 2293 2295 2296
f 2259 2298 2295
f 2295 2297 2308
f 2298 2299 2297
f 2255 2301 2299
f 2299 2300 2304
f 2301 2302 2300
f 2251 2303 2302
f 2302 2223 2221
f 2303 2226 2223
f 2247 2313 2226
f 2300 2221 2305
f 2297 2304 2306
f 2304 2305 2309
f 2308 2306 2307
f 2306 2309 2310
f 2305 2217 2214
f 2309 2214 2212
f 2307 2310 2311
f 2310 2212 2209
f 2296 2308 2312
f 2312 2307 1841
f 2294 2296 1839
f 2243 2230 2225
f 2320 2322 2323
f 2323 2319 2318
f 2322 2320 2324
f 2320 2321 2324
f 2329 2323 2322
f 2322 2324 2326
f 2326 2324 2325
f 2325 2353 2327
f 2328 2326 2327
f 2331 2329 2326
f 2331 2332 2440
f 2440 2330 2329
f 2330 2319 2323
f 2333 2331 2328
f 2334 2332 2331
f 2336 2337 4280
f 4280 2334 2333
f 2336 2333 2335
f 2412 2337 2336
f 2338 2336 2339
f 2340 2339 2341
f 2339 2335 2342
f 1703 2341 2343
f 2341 2342 2345
f 1705 2343 2344
f 2343 2345 2346
f 2345 2347 2348
f 2342 2349 2347
f 2351 2356 2348
f 2348 2347 2351
f 2349 2327 2350
f 2327 2353 2352
f 2352 2351 2350
f 2352 2321 2351
f 2321 2354 2351
f 2325 2321 2353
f 2351 2354 2356
f 2356 2354 1714
f 2354 2357 1714
f 2357 2358 1714
f 1714 2358 2411
f 2358 2359 2411
f 2411 2359 2360
f 2361 2360 2363
f 2360 2362 2364
f 2363 2364 1729
f 2362 2366 2365
f 2364 2365 1732
f 2367 2365 2368
f 2365 2366 2368
f 2410 1732 2369
f 1732 2365 2369
f 2368 2372 2370
f 2367 2370 2371
f 2370 2373 2374
f 2372 2375 2373
f 2373 2376 2378
f 2375 2379 2376
f 2376 2377 1756
f 2379 2380 2377
f 2381 2383 2380
f 2384 2381 2379
f 2386 2382 2381
f 2382 2399 2383
f 2385 2384 2375
f 2387 2386 2384
f 2386 2387 2393
f 2393 2396 2382
f 2387 2385 2388
f 2391 2389 2388
f 2390 2385 2372
f 2362 2391 2388
f 2362 2388 2366
f 2360 2359 2362
f 2359 2391 2362
f 2389 2392 2387
f 2393 2392 2396
f 2392 2394 2396
f 2395 2394 2397
f 2394 2316 2397
f 2382 2396 2395
f 2395 2397 2399
f 2397 2398 2400
f 2399 2400 2401
f 2401 2402 2383
f 1767 2401 2400
f 2400 2398 1774
f 2403 2380 2383
f 2380 2403 1768
f 1768 2404 2377
f 2374 2378 1757
f 2405 1756 2377
f 2371 2374 2406
f 2408 2406 2407
f 2406 1757 1750
f 2410 2408 2409
f 2369 2371 2408
f 2409 2407 1746
f 2411 2361 1722
f 1709 2355 2356
f 1709 2344 2346
f 2346 2348 2355
f 2335 2328 2349
f 2413 2338 2340
f 2413 2414 2424
f 2424 2412 2338
f 2415 2417 2419
f 2419 2414 2413
f 2415 2413 1702
f 2416 2415 1700
f 2418 2417 2415
f 2420 2419 2417
f 2418 4254 2421
f 2420 2417 2418
f 2423 2424 2414
f 2414 2419 2420
f 2422 2420 2421
f 2426 2423 2420
f 2425 4280 2337
f 2412 2424 2423
f 2425 2337 2423
f 2427 2425 2423
f 2431 2427 2426
f 2428 2426 2422
f 2430 2428 2429
f 2432 2431 2428
f 2435 2433 2431
f 2433 2436 2427
f 2434 2433 2435
f 2438 2436 2433
f 2436 2437 2425
f 2439 2437 2436
f 2437 2439 2330
f 2439 2319 2330
f 2437 2440 2332
f 2334 4280 2425
f 2437 2332 2334
f 2441 2435 2432
f 2442 2435 2441
f 2443 2441 2446
f 2444 2446 2447
f 2447 2446 2448
f 2446 2441 2450
f 2449 2448 2451
f 2448 2450 2454
f 2451 2454 2455
f 2453 2451 2452
f 2454 2430 2457
f 2450 2432 2430
f 2452 2455 2456
f 2455 2457 2458
f 2457 2429 2459
f 2456 2458 2460
f 2458 2459 2462
f 2460 2462 4261
f 2463 2460 2461
f 2468 2456 2463
f 2465 2463 2464
f 2467 2465 2466
f 2469 2468 2465
f 2471 2452 2468
f 2470 2469 2467
f 2472 2471 2469
f 2474 2453 2471
f 2473 2472 2470
f 2475 2474 2472
f 2476 2449 2453
f 2477 2476 2474
f 2478 2447 2449
f 2479 2478 2476
f 2445 2447 2478
f 2480 2478 2479
f 2481 2479 2483
f 2482 2483 2485
f 2484 2485 2488
f 2486 2488 2490
f 2488 2485 2540
f 2490 2488 2489
f 2492 2490 2491
f 2487 2490 2492
f 2493 2492 2495
f 2494 2492 2493
f 2495 2491 4276
f 2497 2495 2496
f 2500 2498 2497
f 2498 4277 2493
f 2504 2500 2499
f 2499 2496 2503
f 2501 2503 2511
f 2505 2504 2501
f 2506 2505 2502
f 2507 2506 2508
f 2508 2510 2513
f 2502 2511 2510
f 2511 2533 2512
f 2510 2512 2514
f 2509 2513 2515
f 2513 2514 2518
f 2516 2515 2517
f 2515 2518 2519
f 2514 2522 2520
f 2518 2520 2521
f 2520 2523 2524
f 2522 2526 2523
f 2523 2525 2553
f 2526 2527 2525
f 2531 2528 2526
f 2528 2530 2527
f 2529 2543 2530
f 2532 2529 2528
f 2512 2531 2522
f 2533 2532 2531
f 2536 2534 2532
f 2534 2537 2529
f 4276 2535 2534
f 2535 2539 2537
f 2539 2541 2538
f 2537 2538 2543
f 2489 2540 2539
f 2540 2542 2541
f 2542 2477 2475
f 2541 2475 2473
f 2483 2479 2477
f 2485 2483 2542
f 2538 2473 2544
f 2543 2544 2545
f 2544 2470 2546
f 2530 2545 2547
f 2545 2546 2548
f 2547 2548 2550
f 2527 2547 2549
f 2525 2549 2551
f 2549 2550 2554
f 2553 2551 2552
f 2551 2554 2555
f 2554 2556 2557
f 2550 2559 2556
f 2556 2558 3324
f 2559 2561 2558
f 2548 2560 2559
f 2560 2466 2561
f 2561 2562 2563
f 2466 2464 2562
f 2562 2564 2566
f 2464 2461 2564
f 2461 4261 2565
f 2564 2565 2568
f 2566 2568 2569
f 2563 2566 2567
f 2568 2570 2573
f 2565 2572 2570
f 2572 4262 2571
f 2570 2571 2575
f 2569 2573 2574
f 2573 2575 2576
f 2575 2577 2578
f 2588 4275 2576
f 2575 2578 2576
f 2571 4268 2580
f 2579 2577 2575
f 2571 2580 2579
f 2584 2578 2577
f 2577 2579 2581
f 2580 2582 2581
f 2582 4269 2583
f 2581 2583 2585
f 2578 2584 2586
f 2584 2585 2587
f 2586 2587 2592
f 2589 2590 4275
f 4275 2588 2586
f 2591 2614 2590
f 2594 2591 2589
f 2593 2596 2595
f 2595 2594 2592
f 2587 4271 2593
f 2595 2596 2594
f 2596 2613 2594
f 2594 2613 2591
f 4221 2597 2596
f 2607 4208 4213
f 2598 4210 4209
f 2600 2598 2599
f 2604 4053 2600
f 2601 2600 2599
f 2601 2599 1609
f 2602 2601 1609
f 2605 2604 2602
f 4060 4213 2606
f 2606 4213 2598
f 4060 2607 4213
f 2609 2607 4060
f 4067 2610 2608
f 2609 2608 2610
f 2611 2610 4068
f 2609 2610 2607
f 2607 2610 4208
f 2610 2612 4208
f 2611 2612 2610
f 2612 2615 2613
f 2614 2613 2615
f 2576 4275 2614
f 4275 2590 2614
f 2638 4069 4068
f 2637 2620 2619
f 2620 2621 2619
f 2623 2621 2620
f 2625 2622 2621
f 2622 2619 2621
f 2620 2734 2735
f 2735 2624 2620
f 2626 2625 2623
f 2627 2628 2622
f 2629 2627 2625
f 2630 2619 2628
f 2631 2630 2627
f 2748 2632 2630
f 2632 2633 2619
f 2636 2619 2633
f 4062 2618 2636
f 2636 2618 2619
f 2619 2618 2637
f 4068 4062 2636
f 2638 4068 2636
f 4069 2638 2639
f 2641 2640 2638
f 2639 2638 2640
f 2640 2705 2639
f 2705 2706 2639
f 2706 2708 2639
f 2708 2710 2639
f 2710 2712 2714
f 2714 2715 3315
f 2642 2641 2638
f 2643 2651 2642
f 2651 2703 2642
f 2646 2644 2638
f 2644 2642 2638
f 2643 2642 2644
f 2644 2645 2648
f 2635 2647 2646
f 2647 2645 2646
f 2638 2636 2646
f 2648 2645 2647
f 2647 2674 2670
f 2670 2649 2647
f 2656 2653 2650
f 2650 2648 2649
f 2651 2643 2648
f 2703 2651 2650
f 2652 2650 2653
f 2654 2653 2655
f 2653 2656 2657
f 2656 2649 2658
f 2657 2658 2662
f 2655 2657 2659
f 2684 2660 2659
f 2659 2662 2663
f 2661 2659 2660
f 2662 2664 2665
f 2664 2662 2658
f 2658 2669 2666
f 2664 2666 2668
f 2669 2671 2672
f 2672 2634 2667
f 2667 2666 2672
f 2666 2667 2675
f 2649 2670 2669
f 2670 2674 2673
f 2673 2671 2669
f 2672 2671 2634
f 2634 2673 2635
f 2673 2674 2635
f 2667 2634 2633
f 2680 2676 2728
f 2728 2677 2675
f 2678 2677 2676
f 2668 2675 2677
f 2679 2678 2676
f 2665 2668 2678
f 2682 2681 2676
f 2681 2679 2676
f 2663 2665 2679
f 2684 2663 2681
f 2660 2684 2682
f 2683 2682 2676
f 4207 2660 2683
f 2689 2683 2680
f 2685 2686 2689
f 2685 2688 2686
f 2689 2690 2691
f 2691 2687 2685
f 2685 2689 2691
f 2688 2685 2687
f 2687 2655 2661
f 2688 2661 4207
f 2692 2691 2690
f 2695 2693 2691
f 2693 2654 2687
f 2694 2652 2654
f 2697 2694 2693
f 2696 2695 2692
f 2698 2697 2695
f 2700 2699 2697
f 2699 2702 2694
f 2707 2701 2699
f 2701 2704 2702
f 2702 2703 2652
f 2704 2641 2703
f 2640 2704 2701
f 2640 2641 2704
f 2705 2701 2707
f 2706 2707 2709
f 2708 2709 2711
f 2710 2711 2713
f 2712 2713 2715
f 2715 2713 2717
f 3320 2717 2718
f 2717 2719 2720
f 2713 2711 2719
f 2719 2721 2722
f 2711 2709 2721
f 2709 2707 2700
f 2721 2700 2698
f 2720 2722 2723
f 2722 2698 2696
f 2724 2723 2725
f 2723 2696 2692
f 2726 2725 2690
f 2725 2692 2690
f 2690 2689 2727
f 2727 2680 2728
f 2809 2727 2728
f 2730 2809 2728
f 2731 2729 2732
f 2732 2733 2734
f 2732 2760 2733
f 2735 2734 2736
f 2738 2739 2735
f 2733 2736 2734
f 2760 2737 2736
f 2737 2740 2738
f 2740 2741 2739
f 2742 2745 2741
f 2743 2742 2740
f 2761 2744 2742
f 2744 2746 2745
f 2745 2631 2629
f 2746 2748 2631
f 2751 2747 2746
f 2747 2749 2748
f 2749 2750 2632
f 2750 2728 2633
f 2753 2752 2761
f 2755 2753 2754
f 2730 2755 2756
f 2756 2754 2759
f 2758 2756 2757
f 2729 2758 2732
f 2760 2732 2758
f 2757 2759 2760
f 2759 2743 2737
f 2754 2761 2743
f 2752 2751 2744
f 2741 2629 2626
f 2739 2626 2624
f 2637 2762 2732
f 2637 2732 2734
f 4057 2765 2763
f 2763 2766 2764
f 2766 2768 2764
f 2768 2769 2770
f 2768 2770 2764
f 2765 4112 2767
f 2767 2766 2763
f 4093 2769 2768
f 2766 2767 4095
f 4093 2768 4094
f 2768 2766 4094
f 2769 2771 2773
f 2771 4090 2775
f 2773 2771 2775
f 4090 4081 4084
f 2772 2769 2773
f 2773 2774 2772
f 2774 2788 2770
f 2772 2774 2770
f 2773 2775 2786
f 2775 2776 2785
f 2776 2777 2785
f 2779 2778 4088
f 2778 2776 4088
f 2776 2775 4090
f 2781 2777 2778
f 2777 2776 2778
f 2852 2853 2780
f 2853 2794 2780
f 2780 2779 2852
f 2782 2781 2780
f 2781 2779 2780
f 2783 2792 2791
f 2783 2791 2784
f 2791 2790 2784
f 2788 2787 2789
f 2787 2790 2789
f 2764 2789 2763
f 2789 2790 2763
f 4206 2763 2790
f 2791 2793 2795
f 2795 2797 4206
f 4206 2790 2795
f 2780 2794 2792
f 2794 2793 2792
f 2853 2866 2794
f 2866 2796 2794
f 2796 2795 2793
f 2796 2865 2797
f 2865 2867 2797
f 4206 2797 2867
f 4206 2867 2798
f 2798 2800 2799
f 2799 4205 4206
f 2800 2801 4205
f 2804 2802 2800
f 2802 2805 2801
f 2803 2806 2805
f 2878 2803 2802
f 2801 2805 2807
f 2806 2808 2807
f 2810 2726 2690
f 2727 2811 2814
f 2814 2810 2690
f 2816 2814 2811
f 2812 2811 2813
f 2815 4204 2810
f 2817 2815 2814
f 2818 2816 2812
f 2820 2817 2816
f 2818 2823 2822
f 2818 2822 2820
f 2820 2822 2821
f 2821 3320 2716
f 2716 2815 2821
f 2815 2817 2821
f 2824 2823 2819
f 2823 2824 2827
f 2819 2812 2825
f 2825 2813 2809
f 2813 2727 2809
f 2827 2809 2826
f 2827 2830 2832
f 2827 2824 2809
f 2887 2888 2885
f 2888 2884 2885
f 2828 2827 2826
f 2828 2826 2884
f 2883 2885 2884
f 2942 2829 2828
f 2829 2827 2828
f 2943 2831 2830
f 2830 2827 2829
f 2832 2830 2831
f 2831 2939 2889
f 2831 2889 2933
f 2938 2832 2831
f 2833 2832 2938
f 2842 2833 2848
f 2838 2834 2832
f 2836 2832 2834
f 2837 2836 2835
f 3284 2837 2835
f 3283 3284 2834
f 2839 2833 2840
f 2841 2842 2944
f 2843 2845 2841
f 2845 2842 2841
f 2844 3277 2845
f 2845 2843 2846
f 3365 3363 2846
f 2846 2946 3365
f 2847 2946 2846
f 2843 2841 2847
f 2944 2945 2841
f 2944 2842 2848
f 2938 2849 2833
f 2938 2930 2849
f 2850 2860 2859
f 2858 2851 4088
f 2850 2859 2858
f 4088 2850 2858
f 4088 2851 2852
f 4088 2852 2779
f 2853 2852 2855
f 2866 2853 2855
f 2856 2854 2851
f 2854 2852 2851
f 2857 2856 2859
f 2856 2858 2859
f 2859 2860 2861
f 2860 2868 2861
f 2863 2861 2862
f 2867 2865 2864
f 2863 2862 2864
f 2862 2868 2867
f 2868 2869 2867
f 2876 2877 2869
f 2860 2870 2868
f 2870 2871 2868
f 2860 2850 2927
f 2850 2926 2927
f 2871 2872 2876
f 2872 2874 2876
f 2875 2874 2873
f 2874 2872 2873
f 2922 2921 2875
f 2916 2917 2877
f 2916 2877 2874
f 2877 2876 2874
f 2804 2869 2877
f 2920 2880 2879
f 2878 2877 2920
f 2879 2881 2803
f 2883 2884 2882
f 2879 2880 2883
f 2882 2808 2881
f 2882 2884 2826
f 2880 2897 2886
f 2886 2885 2883
f 2885 2886 2892
f 2886 2893 2892
f 2890 2887 2885
f 2889 2939 2887
f 2939 2940 2887
f 2940 2888 2887
f 2891 2934 2889
f 2894 2893 2897
f 2893 2886 2897
f 2900 2937 2899
f 2937 2894 2899
f 2894 2895 2896
f 2898 2896 2895
f 2895 2897 2880
f 2880 2920 2895
f 2920 2918 2895
f 2901 2899 2902
f 2899 2896 2902
f 2932 2900 2901
f 2900 2899 2901
f 2932 2901 2930
f 2929 2849 2930
f 2905 2906 2901
f 2906 2930 2901
f 2903 2902 2898
f 2903 2898 2904
f 2898 2918 2904
f 2906 2907 2929
f 2907 2915 2929
f 2912 2914 2909
f 2914 2915 2908
f 2915 2907 2908
f 2912 2910 2913
f 2910 2911 2913
f 2915 2914 2923
f 2914 2912 2921
f 2923 2914 2921
f 2912 2913 2921
f 2913 2916 2921
f 2923 2925 2849
f 2925 2850 2849
f 2849 2929 2915
f 2911 2919 2917
f 2919 2918 2917
f 2877 2917 2918
f 2928 2924 2923
f 2924 2926 2925
f 2926 2850 2925
f 2932 2930 2938
f 2938 2933 2932
f 2933 2931 2932
f 2934 2935 2931
f 2931 2933 2934
f 2900 2932 2936
f 2932 2935 2936
f 2941 2940 2939
f 2939 2831 2943
f 2940 2941 2888
f 2941 2942 2888
f 2881 2808 2806
f 2798 2867 2869
f 2849 4088 2944
f 4088 4085 2944
f 2946 3030 2947
f 2947 3365 2946
f 3030 2948 2947
f 2949 2947 2948
f 2948 3029 2949
f 2951 2952 2950
f 3202 2951 4203
f 3203 2953 2954
f 2953 2959 3190
f 3203 4203 2953
f 2956 2953 4203
f 2956 2958 2955
f 2955 2958 2959
f 2959 2953 2955
f 2959 4123 3204
f 3204 4123 3191
f 4123 2960 3191
f 3189 2963 3206
f 4140 3184 2964
f 2965 2967 2966
f 4194 2965 2966
f 3182 3184 2966
f 2969 3183 2968
f 3100 3101 3102
f 3099 3100 3102
f 3096 3097 3098
f 3094 3095 3096
f 3094 3096 3098
f 2970 2971 4199
f 2975 2971 4183
f 2971 4187 4183
f 2977 2975 4183
f 2971 2975 2972
f 2972 2975 2973
f 2974 2973 3000
f 2973 3003 3000
f 2973 2975 3003
f 4183 4142 2976
f 4183 2976 2977
f 2976 4143 2978
f 2979 2977 2981
f 2977 2978 2981
f 2977 2979 2980
f 2979 2981 2983
f 2981 2982 2984
f 2980 2983 2985
f 2983 2984 2986
f 2985 2986 4150
f 3003 2985 2987
f 2977 2980 3003
f 2988 2987 4152
f 2991 2990 2992
f 2990 2988 2989
f 4202 3003 2990
f 2991 2992 2994
f 2993 3000 4202
f 2998 3000 3002
f 3002 3000 2993
f 2993 2995 3002
f 2993 2994 2997
f 2998 2995 2996
f 2995 2997 4159
f 2999 4178 3001
f 3001 3000 2998
f 3003 4202 3000
f 2975 2977 3003
f 4039 2974 3000
f 4039 3000 3004
f 3000 4178 3004
f 4180 3005 3049
f 3006 3007 3005
f 3007 3008 3005
f 3010 3009 3007
f 3007 3009 3008
f 3009 3011 3008
f 3012 3011 3009
f 3010 4182 4170
f 3012 3009 4170
f 3016 3014 3012
f 3014 3013 3012
f 3008 3013 3023
f 3013 3014 3023
f 3018 3020 3016
f 3020 3015 3016
f 4168 3017 3016
f 3017 3019 3018
f 3019 4166 4122
f 4122 3021 3018
f 3023 3015 3022
f 3015 3020 3022
f 3022 3021 3024
f 3023 3022 3025
f 3022 3024 3025
f 3024 4122 3025
f 3024 3021 4122
f 3025 4122 4200
f 3049 4200 4201
f 3037 4201 3026
f 4201 3027 3026
f 3026 3027 3033
f 3028 4120 2957
f 3033 3028 3029
f 3029 3032 3033
f 2950 2949 3029
f 3031 3029 2948
f 4086 3030 2847
f 2945 4086 2847
f 4086 2948 3030
f 4087 3031 4086
f 4087 3032 3031
f 3032 4087 3034
f 3034 3033 3032
f 3035 3026 3033
f 4083 3041 3034
f 3036 3040 3035
f 3048 3040 3038
f 3048 3038 3044
f 3048 3044 3050
f 3050 3044 3045
f 3038 3040 3039
f 3040 3036 3039
f 4113 3042 3041
f 4056 3042 4113
f 4113 4114 4056
f 3042 4056 4055
f 3045 3044 3043
f 3038 3043 3044
f 3047 4048 1592
f 1592 3051 3050
f 3049 3048 3050
f 3037 3040 3048
f 3005 3025 3049
f 3008 3023 3025
f 4180 3049 3050
f 3052 3051 3053
f 3053 3055 4043
f 3056 3053 3054
f 4027 3052 3056
f 3057 3056 3058
f 3059 3058 3060
f 3058 3054 3062
f 3060 3062 4041
f 3063 3060 3061
f 3067 3064 3063
f 3064 4030 3059
f 3069 3067 3065
f 3066 3065 3061
f 3068 4032 3064
f 3070 3072 3069
f 3072 3068 3069
f 3070 3069 3066
f 3071 3078 3077
f 3077 3078 3072
f 3072 3070 3077
f 3071 3070 3073
f 3073 3066 4040
f 3075 3073 3074
f 3076 3078 3071
f 3925 3076 3075
f 3078 3076 3634
f 3072 3078 3079
f 3080 3079 3081
f 3081 3079 3082
f 3082 4036 3081
f 3082 3079 3083
f 3635 3083 3079
f 3635 3088 3083
f 4038 3083 4037
f 3088 4016 4039
f 4016 3084 4039
f 3085 3084 4016
f 4018 3084 3085
f 3086 4018 3085
f 3090 3086 4017
f 3087 3090 4017
f 3087 4017 3089
f 3089 4017 3088
f 3089 3088 3635
f 3637 3089 3636
f 3089 3637 3087
f 3092 3087 3637
f 3091 3090 3087
f 3092 4014 3091
f 3106 3093 3105
f 3103 3102 3101
f 3103 3101 3100
f 3103 3100 3099
f 3099 3098 3103
f 3098 3097 3103
f 3097 3096 3103
f 3094 3093 3103
f 3095 3094 3103
f 3102 3103 3104
f 3106 3104 3103
f 3106 3103 3093
f 3639 3107 3108
f 3108 3105 4013
f 3108 3107 3105
f 3109 3110 3911
f 3911 3110 3112
f 3111 3112 3110
f 3113 3112 3111
f 3112 3113 3104
f 3113 3111 3905
f 3115 3905 3116
f 3116 3905 3117
f 3117 3118 3116
f 4011 3117 3119
f 4011 3119 3120
f 3120 3121 3137
f 3121 3123 4012
f 3123 3124 4012
f 3921 3122 3120
f 3125 3123 3126
f 3123 3121 3126
f 3129 3131 3127
f 3131 3124 3125
f 3124 3123 3125
f 3125 3126 3128
f 3127 3128 3848
f 3129 3127 3788
f 3130 3129 3786
f 3129 3130 3134
f 3134 3132 3129
f 4012 3124 3133
f 3124 3131 3133
f 3132 3134 3136
f 3136 3134 3130
f 3136 3130 3924
f 3135 3136 3785
f 3784 3135 3785
f 3783 3138 3136
f 3136 3137 3133
f 3137 4011 3120
f 3137 3136 3118
f 3136 3138 3118
f 3142 3141 3140
f 3141 3139 3140
f 3144 3143 3781
f 3143 3144 3145
f 3147 3146 3144
f 3146 3145 3144
f 3158 3145 3146
f 3146 3147 3157
f 3971 3970 3152
f 3151 3153 3155
f 3154 3155 3153
f 3154 3153 3970
f 3148 3157 3147
f 3155 3156 3149
f 3157 3159 3146
f 3146 3159 3160
f 3158 3146 3160
f 3159 4008 4006
f 4006 3162 3159
f 3169 4008 3159
f 3163 3169 4010
f 3165 4009 3164
f 3165 3166 4009
f 3166 3975 3168
f 3168 3975 3976
f 3169 3976 4007
f 4007 4008 3169
f 3977 3170 4007
f 3171 4007 3170
f 3170 3986 3172
f 3985 3980 3172
f 3174 3985 3172
f 3175 3980 3176
f 3984 3177 3176
f 3178 3177 3984
f 4004 3178 3984
f 4004 3179 3178
f 3179 3180 3178
f 3180 3179 3181
f 3181 3179 3185
f 3182 3181 3185
f 3183 3180 3182
f 3180 3181 3182
f 2966 2968 3182
f 3185 3184 3182
f 3185 3179 4005
f 2963 2964 3186
f 3186 3206 2963
f 4005 3186 3185
f 4005 3179 4004
f 3188 3186 4005
f 4004 3984 4005
f 3981 3189 3187
f 3187 3206 3186
f 2962 3193 2961
f 3197 3190 3204
f 3981 3193 2962
f 3982 3193 3981
f 3982 3194 3195
f 3195 3193 3982
f 4003 3191 3995
f 3204 3191 4003
f 3192 3995 3191
f 3198 3197 4003
f 3994 3198 4003
f 3198 3199 2954
f 3199 4002 2954
f 3201 4002 3200
f 3991 3201 3200
f 3202 4203 3203
f 3203 4002 3202
f 2954 4002 3203
f 3191 4124 3205
f 4125 2962 2961
f 2949 2952 3207
f 2949 3207 2947
f 2949 2950 2952
f 3207 3208 2947
f 3208 3254 3255
f 2952 3246 3237
f 2951 3202 4001
f 2952 2951 3246
f 3246 2951 4001
f 3777 3213 3209
f 3777 3209 3152
f 3212 3152 3153
f 3777 3212 3211
f 3215 3213 3214
f 3215 3214 3217
f 3216 3215 3217
f 3214 3775 3771
f 3771 3218 3214
f 3218 3771 3770
f 3217 3218 3770
f 3219 3217 3770
f 3219 3770 3221
f 3243 3220 3969
f 3243 3969 3223
f 3223 3969 3222
f 3224 3243 3223
f 3967 3252 3224
f 3250 3225 3226
f 3225 3253 3249
f 3227 3965 3225
f 3225 3965 3228
f 3369 2088 3228
f 3228 3229 2090
f 3228 2090 2091
f 3228 2091 3230
f 3253 3230 3231
f 3249 3253 3232
f 3253 3231 3232
f 3232 3233 3234
f 3234 2092 3263
f 3249 3232 3234
f 3236 3248 3234
f 3263 3254 3236
f 3254 3235 3236
f 3215 3240 3239
f 3241 3216 3242
f 3242 3217 3219
f 3220 3219 3221
f 3252 3243 3224
f 3244 3242 3220
f 3242 3244 3241
f 3251 3241 3244
f 3251 3245 3241
f 3245 3237 3246
f 3235 3237 3245
f 4001 3247 3246
f 3247 4001 3238
f 3241 3246 3247
f 3246 3241 3245
f 3245 3251 3248
f 3248 3249 3234
f 3226 3225 3248
f 3250 3226 3251
f 3250 3251 3252
f 3251 3244 3252
f 3225 3228 3253
f 3207 3237 3235
f 3208 3235 3254
f 3254 3256 3255
f 3256 3262 3266
f 3262 2197 3266
f 2197 3262 3257
f 2197 3264 3266
f 3257 2094 3258
f 2094 3259 3258
f 2095 2097 2189
f 2189 2097 2098
f 3259 2189 2190
f 3258 3259 3260
f 3260 2190 2193
f 2191 2193 3261
f 3262 2094 3257
f 3256 2093 2094
f 3254 2093 3256
f 3257 3258 2195
f 2197 3257 2196
f 2197 2198 3264
f 2198 3354 3264
f 3265 3256 3266
f 2947 3208 3365
f 3364 3255 3265
f 3265 3267 3367
f 3267 3266 3355
f 3270 3272 3273
f 3273 3353 3270
f 3271 3272 3270
f 3271 3270 3350
f 3271 3349 3348
f 3348 3272 3271
f 3355 3268 3367
f 3275 2844 3276
f 3363 3276 2846
f 3276 2844 2846
f 3278 2839 2840
f 3278 2838 2839
f 3279 3278 2840
f 3279 3277 2844
f 3280 3275 3274
f 3274 3343 3280
f 3343 3288 3280
f 3281 3287 3283
f 3283 3285 3284
f 3285 3283 3286
f 3319 3285 3286
f 3291 3286 3287
f 3286 3283 3287
f 3287 3281 3282
f 3287 3282 3280
f 3290 3288 3289
f 3292 3291 3290
f 3291 3292 3293
f 3293 3294 3319
f 3294 3295 3319
f 3339 3317 3295
f 3317 3296 3295
f 3339 3297 3317
f 3311 3313 3298
f 3338 3311 3299
f 3300 3311 3338
f 3303 3305 3301
f 3304 3303 3300
f 2519 2521 3303
f 2521 2524 3305
f 3305 3306 3307
f 2524 2553 3306
f 3306 2552 3308
f 3311 3301 3307
f 3309 3312 3311
f 2552 2555 3309
f 2555 2557 3310
f 3311 3312 3313
f 3313 3312 3297
f 3312 3321 3297
f 3321 3314 3297
f 3315 2715 3314
f 3314 2715 3316
f 2715 3320 3316
f 3316 2837 3318
f 3316 2822 2837
f 3296 3317 3314
f 3297 3314 3317
f 3296 3314 3316
f 3318 3296 3316
f 3285 3318 2837
f 3285 2837 3284
f 3295 3318 3285
f 3295 3296 3318
f 3286 3291 3319
f 3320 2821 2822
f 3315 3314 4069
f 3321 4069 3314
f 2616 4069 3321
f 3312 2616 3321
f 3312 3322 3323
f 2557 3324 3322
f 3324 3325 3323
f 2558 2563 3325
f 3325 2567 3326
f 2615 3312 3323
f 2567 2569 3327
f 3312 2615 2616
f 3328 3304 3302
f 2517 2519 3304
f 3333 2517 3328
f 3330 3328 3329
f 3331 3334 3333
f 3332 3336 3340
f 3340 3331 3330
f 3334 3335 2516
f 3335 2507 2509
f 3338 3337 3329
f 3299 3337 3338
f 3292 3290 3341
f 3289 3341 3290
f 3343 3342 3289
f 3367 3345 3362
f 3344 3273 3272
f 3346 3345 3344
f 3362 3345 3342
f 3345 3346 3342
f 3347 3346 3344
f 3347 3272 3348
f 3360 3350 3270
f 3352 3360 3270
f 3352 3270 3353
f 3353 3354 2198
f 3268 3354 3353
f 3360 3352 3351
f 2194 3357 3356
f 3361 2199 3359
f 2199 3361 3351
f 3341 3289 3342
f 3342 3343 3362
f 3345 3269 3273
f 3345 3268 3269
f 3345 3367 3268
f 3366 3367 3362
f 3343 3274 3366
f 3282 3281 3278
f 3277 2840 2842
f 3276 3363 3364
f 3255 3364 3363
f 3274 3276 3364
f 3267 3355 3367
f 2091 3368 3231
f 3230 2091 3231
f 3229 2102 2090
f 3370 3371 3456
f 3456 3464 3370
f 3370 3372 3413
f 3413 3414 3371
f 3414 3415 3461
f 3415 3417 3461
f 3461 3371 3414
f 3371 3370 3413
f 3963 3372 3370
f 3963 3370 3385
f 3964 3963 3385
f 3966 3384 3385
f 3966 3968 3378
f 3377 3378 3373
f 3374 3373 3222
f 3768 3375 3374
f 3375 3376 3374
f 3376 3373 3374
f 3376 3377 3373
f 3376 3759 3377
f 3376 3758 3759
f 3378 3760 3379
f 3379 3396 3397
f 3397 3380 3379
f 3379 3380 3382
f 3382 3381 3966
f 3966 3379 3382
f 3378 3379 3966
f 3966 3381 3384
f 3383 3384 3381
f 3381 3382 3399
f 3383 3386 3384
f 3390 3391 3387
f 3391 3385 3386
f 3390 3388 3392
f 3388 3389 3394
f 3392 3388 3394
f 3964 3391 3401
f 3391 3390 3401
f 3390 3392 3401
f 3421 3962 3405
f 3405 3400 3395
f 3400 3393 3395
f 3393 3394 3395
f 3395 3396 3379
f 3761 3421 3405
f 3395 3379 3761
f 3398 3397 3396
f 3396 3395 3389
f 3397 3398 3380
f 3398 3399 3380
f 3400 3405 3404
f 3402 3401 3400
f 3403 3409 3964
f 3409 3412 3963
f 3964 3409 3963
f 3406 3404 3962
f 3404 3405 3962
f 3415 3410 3418
f 3410 3408 3418
f 3408 3406 3419
f 3406 3407 3419
f 3414 3413 3411
f 3412 3411 3372
f 3411 3413 3372
f 3415 3418 3416
f 3418 3419 3420
f 3420 3416 3418
f 3420 3419 3407
f 3407 3962 3421
f 3420 3421 3422
f 3422 3465 2062
f 2064 3423 3424
f 3424 3425 3451
f 3451 3463 3424
f 3463 2064 3424
f 3423 2064 3444
f 3427 3426 3423
f 3426 3424 3423
f 3428 3429 3447
f 3425 3424 3426
f 3428 3447 3425
f 3430 3431 3429
f 3431 3432 3434
f 3432 3433 3435
f 3433 3436 3435
f 3434 3435 3369
f 3438 3437 3442
f 3437 3436 3433
f 3439 3443 3438
f 3443 3445 3438
f 3438 3440 3439
f 3440 3441 3439
f 3441 3427 3444
f 3446 3445 3443
f 3443 2068 2077
f 3448 3447 3429
f 3429 3434 3448
f 3434 3369 3370
f 3370 3464 3449
f 3434 3370 3449
f 3451 3425 3450
f 3425 3447 3450
f 3450 3448 3453
f 3448 3449 3454
f 3450 3453 3451
f 3453 3452 3451
f 3452 3462 3463
f 3455 3454 3464
f 3454 3449 3464
f 3458 3457 3371
f 3457 3455 3456
f 3371 3457 3456
f 3459 3461 3417
f 3416 3420 3460
f 3459 3417 3416
f 3462 3460 3463
f 3460 3420 3463
f 3465 1900 2062
f 3465 3466 1900
f 3758 3469 3468
f 3546 3760 3468
f 1899 3760 3546
f 3467 1899 3466
f 3545 1898 1899
f 3546 3545 1899
f 3753 3471 3754
f 3471 3500 3754
f 3753 3470 3471
f 3474 3472 3470
f 3472 3475 3470
f 3743 3473 3472
f 3473 3476 3475
f 3475 3478 3477
f 3476 3479 3478
f 3495 3478 3479
f 3479 3740 3480
f 3481 3482 3484
f 3619 3483 1608
f 3484 3619 3486
f 3485 3481 3484
f 3618 3480 3485
f 3485 3486 1612
f 3486 1608 1611
f 3487 3618 1613
f 3489 3487 1613
f 3488 3487 1626
f 3490 1626 3489
f 1633 3517 3491
f 3491 3488 1626
f 3491 1626 1633
f 3492 3488 3491
f 3492 3497 3493
f 3500 3495 3494
f 3500 3494 3499
f 3496 3497 3491
f 3498 3494 3493
f 3500 3499 3496
f 3496 3491 3517
f 3496 3517 3518
f 3517 3501 3502
f 3517 3502 3503
f 3502 1636 3504
f 3506 3505 3503
f 3509 3512 3505
f 3506 3507 3505
f 1640 3508 3507
f 3507 3506 3504
f 3509 3507 3508
f 3617 3586 3511
f 3509 3508 3617
f 3511 3585 3510
f 3517 3505 3512
f 3512 3513 3514
f 3513 1840 1843
f 1831 1840 3513
f 3516 1842 3579
f 3579 3520 3515
f 3515 3516 3579
f 3516 3514 1842
f 3517 3512 3516
f 3519 3547 3518
f 3519 3549 3547
f 3519 3515 3550
f 3523 3522 3579
f 3522 3520 3579
f 3561 3525 3579
f 3525 3523 3579
f 3525 3524 3523
f 3526 3524 3525
f 3527 3526 3561
f 3527 3561 1883
f 1884 3527 1883
f 3530 3528 3529
f 3560 3529 3554
f 3559 3554 3529
f 3530 3529 3560
f 3531 3530 3560
f 3538 3535 3554
f 3535 3532 3554
f 3532 3560 3554
f 3533 3531 3560
f 3533 3560 3532
f 3532 3534 3533
f 3534 3532 3535
f 3536 3534 3535
f 3536 3535 3538
f 3537 3536 3538
f 3539 3537 3538
f 3542 3540 3541
f 1897 3543 3541
f 3543 3542 3541
f 3544 3543 1897
f 3552 3544 1897
f 3551 3544 3552
f 1897 3521 3552
f 3547 3500 3496
f 3754 3500 3547
f 3547 3496 3518
f 3469 3549 3550
f 3550 3546 3468
f 3546 3550 3545
f 1897 3545 3521
f 3522 3552 3520
f 3520 3552 3521
f 3522 3553 3552
f 3553 3551 3552
f 3524 3553 3522
f 3524 3522 3523
f 3555 3539 3554
f 3555 3554 3556
f 3559 3556 3554
f 3557 3555 3556
f 3557 3556 3559
f 3558 3557 3559
f 3528 3558 3559
f 3528 3559 3529
f 3562 3561 3579
f 3578 3564 3562
f 3564 3566 3562
f 3566 3567 3562
f 3567 3575 3562
f 3575 3576 3562
f 3576 3577 3562
f 3577 3561 3562
f 3564 3578 3563
f 3566 3564 3565
f 3567 3566 3568
f 3570 3568 3565
f 3572 3569 3568
f 1863 3572 3570
f 1861 3570 3571
f 1868 3574 3569
f 3571 3565 3563
f 1858 3571 3573
f 3573 3563 1851
f 3575 3567 3569
f 3576 3575 3574
f 3577 3576 1872
f 1842 3578 3579
f 3514 1843 1842
f 3520 3550 3515
f 3515 3519 3518
f 3513 3580 1826
f 3583 1825 3580
f 3513 3512 3582
f 3584 3583 3581
f 1814 1817 1825
f 1812 1814 3583
f 3585 3584 3582
f 1810 1812 3584
f 3587 1810 3585
f 3511 3586 3616
f 3589 3588 3587
f 3511 3616 3587
f 3587 3588 3590
f 3590 3591 1809
f 3592 3590 3588
f 3588 3589 3595
f 3594 3598 3591
f 3591 3590 3592
f 1644 3593 3592
f 3593 3596 3594
f 3589 3616 1645
f 3596 3606 3597
f 3599 3598 3594
f 1809 3591 3598
f 3598 3599 1809
f 3599 3600 1809
f 3603 3601 3600
f 3600 3599 3597
f 1806 3600 3601
f 3601 3602 1804
f 3604 3613 3602
f 3602 3601 3603
f 3606 3605 3603
f 1744 3604 3603
f 3607 1743 3605
f 3608 3607 3606
f 3610 3609 3607
f 3609 1741 1743
f 1654 3611 3609
f 3611 1739 1741
f 1655 3610 3608
f 3612 3608 3596
f 1650 1655 3612
f 1647 3612 3593
f 3613 3604 1748
f 1804 3602 3613
f 3614 3615 1762
f 1804 3613 3614
f 1645 3616 3586
f 3586 3617 1642
f 3617 3508 1640
f 3471 3477 3495
f 3494 3495 3479
f 3492 3493 3618
f 3494 3479 3493
f 3482 3621 3952
f 3621 3482 3620
f 3620 3622 3621
f 3950 3622 3738
f 3738 3626 3950
f 3627 3950 3626
f 3950 3627 3732
f 3950 3732 3942
f 3946 3950 3942
f 3628 3942 3732
f 3941 3628 3629
f 3632 3941 3631
f 3936 3633 3930
f 3715 3633 3936
f 3715 3936 3937
f 3715 3937 3938
f 3938 3731 3715
f 3731 3718 3715
f 3638 3634 3926
f 3637 3078 3634
f 3636 3079 3078
f 3637 3636 3078
f 3636 3635 3079
f 3636 3089 3635
f 3638 3092 3637
f 4013 3092 3638
f 3108 4013 3638
f 3909 3641 3642
f 3645 3909 3640
f 3640 3909 3642
f 3642 3644 3640
f 3642 3643 3647
f 3898 3645 3646
f 3645 3644 3646
f 3644 3647 3648
f 3647 3643 3651
f 3643 3726 3651
f 3647 3649 3650
f 3649 3652 3655
f 3651 3653 3652
f 3653 3725 3654
f 3654 3657 3655
f 3657 3658 3656
f 3650 3655 3656
f 3662 3659 3657
f 3659 3661 3658
f 3664 3660 3659
f 3660 3888 3661
f 3663 3662 3654
f 3665 3664 3662
f 3667 3666 3664
f 3666 3669 3660
f 3707 3668 3666
f 3668 3671 3669
f 3669 3670 3888
f 3671 3673 3670
f 3706 3672 3671
f 3672 3675 3673
f 3673 3675 3674
f 3735 3768 3675
f 3375 3758 3376
f 3375 3735 3756
f 3755 3735 3737
f 3693 3687 3737
f 3676 3679 3762
f 3676 3677 3689
f 3689 3690 3676
f 3678 3681 3679
f 3681 3682 3680
f 3679 3680 3763
f 3678 3690 3683
f 3684 3733 3683
f 3684 3683 3690
f 3690 3689 3684
f 3686 3688 3685
f 3688 3686 3687
f 3687 3693 3692
f 3686 3689 3677
f 3688 3691 3701
f 3701 3734 3688
f 3692 3694 3696
f 3696 3691 3692
f 3693 3736 3695
f 3695 3694 3693
f 3697 3696 3694
f 3694 3695 3697
f 3700 3701 3691
f 3691 3696 3700
f 3699 3697 3698
f 3703 3700 3697
f 3702 3733 3734
f 3734 3701 3702
f 3623 3702 3700
f 3624 3623 3703
f 3704 3703 3699
f 3625 3624 3704
f 3707 3705 3704
f 3704 3706 3668
f 3699 3735 3672
f 3705 3707 3667
f 3625 3705 3708
f 3710 3708 3709
f 3708 3667 3665
f 3713 3626 3710
f 3711 3709 3724
f 3626 3713 3627
f 3627 3713 3718
f 3719 3627 3718
f 3629 3627 3719
f 3731 3714 3718
f 3714 3719 3718
f 3718 3716 3715
f 3718 3717 3716
f 3718 3730 3717
f 3713 3720 3718
f 3720 3713 3712
f 3730 3718 3720
f 3721 3720 3722
f 3712 3724 3722
f 3723 3722 3725
f 3724 3663 3725
f 3709 3665 3663
f 3727 3721 3723
f 3726 3723 3653
f 3643 3641 3728
f 3728 3730 3727
f 3727 3726 3728
f 3727 3730 3729
f 3729 3730 3721
f 3730 3641 3717
f 3641 3909 3639
f 3717 3108 3716
f 3716 3108 3638
f 3730 3728 3641
f 3716 3638 3633
f 3630 3714 3631
f 3731 3938 3631
f 3732 3627 3629
f 3685 3734 3733
f 3733 3626 3738
f 3683 3733 3738
f 3698 3736 3735
f 3698 3695 3736
f 3736 3737 3735
f 3737 3736 3693
f 3738 3622 3620
f 3740 3738 3481
f 3481 3620 3482
f 3479 3739 3741
f 3479 3741 3740
f 3742 3741 3739
f 3742 3739 3473
f 3744 3742 3743
f 3745 3744 3746
f 3746 3743 3474
f 3747 3746 3748
f 3749 3748 3750
f 3748 3474 3753
f 3751 3750 3752
f 3756 3735 3757
f 3758 3375 3756
f 3760 3378 3759
f 3468 3760 3759
f 3756 3757 3469
f 3757 3548 3469
f 3467 3422 3421
f 3760 3761 3379
f 3422 3467 3465
f 3762 3764 3755
f 3763 3765 3764
f 3764 3751 3752
f 3765 3749 3751
f 3680 3766 3765
f 3766 3747 3749
f 3682 3767 3766
f 3767 3745 3747
f 3682 3683 3740
f 3740 3741 3745
f 3755 3752 3753
f 3755 3753 3754
f 3739 3479 3476
f 3476 3473 3739
f 3675 3768 3881
f 3881 3768 3769
f 3221 3770 3222
f 3222 3770 3858
f 3771 3772 3864
f 3771 3773 3772
f 3773 3775 3774
f 3774 3867 3773
f 3773 3771 3775
f 3210 3776 3212
f 3775 3777 3211
f 3213 3777 3775
f 3789 3776 3210
f 3778 3789 3210
f 3779 3778 3150
f 3779 3923 3847
f 3210 3153 3151
f 3778 3151 3150
f 3212 3153 3210
f 3779 3149 3923
f 3923 3149 3148
f 3780 3148 3147
f 3144 3781 3147
f 3147 3781 3922
f 3922 3781 3142
f 3141 3142 3781
f 3142 3786 3922
f 3788 3922 3786
f 3142 3140 3786
f 3784 3785 3787
f 3784 3787 3782
f 3782 3783 3135
f 3848 3922 3788
f 3780 3922 3848
f 3923 3780 3919
f 3919 3847 3923
f 3790 3789 3778
f 3847 3790 3779
f 3791 3792 3789
f 3789 3793 3776
f 3792 3794 3793
f 3794 3796 3795
f 3793 3795 3776
f 3776 3798 3211
f 3840 3797 3776
f 3797 3799 3798
f 3798 3800 3775
f 3799 3802 3800
f 3800 3801 3774
f 3802 3803 3801
f 3804 3805 3803
f 3807 3804 3802
f 3806 3872 3805
f 3809 3806 3804
f 3810 3809 3807
f 3808 3807 3799
f 3814 3811 3809
f 3811 3813 3806
f 3816 3812 3811
f 3812 3878 3813
f 3818 3816 3814
f 3815 3814 3810
f 3817 3879 3812
f 3820 3817 3816
f 3819 3818 3815
f 3821 3820 3818
f 3820 3822 3880
f 3821 3823 3822
f 3825 3824 3823
f 3821 3819 3823
f 3904 3822 3823
f 3825 3819 3836
f 3827 3825 3826
f 3831 3828 3830
f 3828 3827 3829
f 3829 3826 3833
f 3831 3830 3832
f 3830 3833 3834
f 3833 3835 3837
f 3826 3836 3835
f 3836 3815 3838
f 3835 3838 3839
f 3838 3810 3808
f 3837 3839 3840
f 3839 3808 3797
f 3841 3840 3796
f 3834 3837 3841
f 3842 3841 3794
f 3832 3834 3842
f 3843 3842 3792
f 3846 3832 3843
f 3844 3843 3791
f 3915 3846 3844
f 3845 3844 3790
f 3128 3126 3848
f 3126 3849 3848
f 3849 3851 3919
f 3850 3853 3851
f 3126 3122 3849
f 3122 3921 3849
f 3919 3851 3918
f 3851 3852 3918
f 3853 3854 3852
f 3853 3119 3912
f 3850 3921 3920
f 3920 3119 3853
f 3854 3855 3916
f 3117 3824 3912
f 3117 3904 3824
f 3904 3856 3822
f 3881 3769 3882
f 3769 3222 3858
f 3874 3862 3859
f 3874 3859 3860
f 3859 3861 3869
f 3869 3870 3859
f 3862 3863 3868
f 3868 3861 3862
f 3864 3865 3866
f 3866 3863 3864
f 3771 3864 3862
f 3865 3864 3772
f 3801 3866 3865
f 3867 3774 3801
f 3803 3868 3863
f 3863 3866 3803
f 3805 3869 3861
f 3861 3868 3805
f 3872 3871 3870
f 3870 3869 3872
f 3860 3870 3871
f 3871 3873 3860
f 3873 3871 3877
f 3871 3872 3877
f 3875 3877 3876
f 3878 3876 3877
f 3879 3876 3878
f 3882 3875 3857
f 3882 3858 3875
f 3876 3857 3875
f 3880 3876 3879
f 3876 3880 3856
f 3813 3877 3872
f 3770 3771 3874
f 3883 3881 3882
f 3886 3675 3881
f 3887 3886 3884
f 3885 3884 3883
f 3674 3675 3886
f 3670 3674 3887
f 3888 3887 3885
f 3661 3885 3889
f 3889 3883 3891
f 3658 3889 3890
f 3892 3890 3891
f 3895 3656 3890
f 3894 3892 3893
f 3896 3895 3892
f 3648 3650 3895
f 3897 3896 3894
f 3646 3648 3896
f 3901 3898 3899
f 3898 3897 3899
f 3899 3894 3903
f 3901 3900 3902
f 3900 3903 3882
f 3903 3893 3882
f 3856 3902 3882
f 3893 3891 3882
f 3856 3882 3857
f 3856 3857 3876
f 3117 3905 3904
f 3110 3856 3905
f 3907 3902 3856
f 3907 3906 3902
f 3906 3898 3901
f 3907 3910 3906
f 3908 3645 3898
f 3908 3910 3909
f 3910 3907 3109
f 3109 3907 3110
f 3909 3109 3107
f 3110 3907 3856
f 3905 3856 3904
f 3110 3905 3111
f 3912 3824 3828
f 3855 3913 3914
f 3913 3828 3831
f 3914 3831 3846
f 3916 3914 3915
f 3852 3916 3917
f 3918 3917 3847
f 3917 3915 3845
f 3119 3920 3120
f 3920 3921 3120
f 3373 3223 3222
f 3768 3374 3769
f 3638 3637 3634
f 3634 3076 3925
f 3926 3927 3633
f 3928 3927 3926
f 3927 3930 3633
f 3936 3930 3932
f 3930 3931 3932
f 3931 3933 3934
f 3931 1547 3933
f 3944 3932 3934
f 3939 3935 3944
f 3937 3936 3935
f 3935 3939 3937
f 3932 3935 3936
f 3939 3944 3632
f 3632 3940 3941
f 3939 3632 3938
f 3628 3941 3940
f 3943 3945 3942
f 3628 3940 3943
f 3943 3942 3628
f 3946 3945 3956
f 3622 3950 3946
f 3948 3622 3947
f 3949 3948 3955
f 3621 3948 3949
f 3951 3621 3949
f 1555 3952 3951
f 1555 3953 3952
f 3954 1556 4316
f 1604 3482 3952
f 3482 1604 3619
f 1605 1606 3483
f 3619 1604 3483
f 3952 3953 1604
f 1556 1557 4316
f 3951 3949 3959
f 3949 3955 3959
f 3959 3957 3958
f 3958 3957 3960
f 1558 1559 1550
f 1554 3960 3961
f 3947 3956 3955
f 3483 1606 1608
f 3965 3227 3968
f 3965 3369 3228
f 3965 3370 3369
f 3965 3966 3370
f 3373 3968 3967
f 3968 3227 3967
f 3369 2086 2088
f 3969 3221 3222
f 3220 3221 3969
f 3212 3777 3152
f 3971 3152 3209
f 3971 4000 3970
f 3973 4000 3971
f 4000 3973 3993
f 3974 4000 3990
f 4000 3974 3999
f 3999 3974 3167
f 3974 3989 3167
f 3987 3167 3989
f 3998 3167 3987
f 3996 3975 3987
f 3975 3998 3987
f 3997 3173 3977
f 3997 3978 3986
f 3979 3983 3980
f 3979 3980 3985
f 3980 3983 3188
f 3188 4005 3980
f 3188 3983 3982
f 3981 3187 3982
f 3979 3194 3982
f 3980 4005 3984
f 3984 3176 3980
f 3985 3986 3979
f 3978 3195 3194
f 3997 3996 3978
f 3996 3987 3196
f 3987 3989 3988
f 3989 3974 3994
f 3994 3974 3990
f 3991 3200 3993
f 3991 3973 3972
f 3992 3991 3972
f 3972 3973 3971
f 3239 3991 3992
f 3238 3201 3239
f 3991 3239 3201
f 3200 3199 3993
f 3198 3993 3199
f 3199 3200 4002
f 3990 3993 3198
f 3994 3990 3198
f 3988 3994 3995
f 3978 3996 3195
f 3997 3975 3996
f 3976 3975 3997
f 3977 3976 3997
f 3977 3173 3170
f 3173 3986 3170
f 3165 3999 3166
f 3970 4000 3165
f 3207 3235 3208
f 4002 3201 3202
f 3196 3192 3195
f 3192 3193 3195
f 3174 3172 3986
f 3171 4006 4007
f 4006 4008 4007
f 4009 3166 3168
f 3164 4009 3163
f 3163 4010 3164
f 3155 3154 3164
f 3164 3156 3155
f 3164 3148 3156
f 3164 4010 3148
f 3157 3148 4010
f 4010 3159 3157
f 4010 3169 3159
f 3117 4011 3118
f 4011 3137 3118
f 3109 3106 3105
f 3109 3911 3106
f 3109 3105 3107
f 4014 4013 3105
f 4016 3088 4015
f 4015 3085 4016
f 4017 4015 3088
f 2974 3084 4018
f 4018 2972 2973
f 2973 2974 4018
f 3084 2974 4039
f 4033 4034 4021
f 4034 4020 4021
f 4021 4019 4022
f 4022 4019 4026
f 4023 4022 4024
f 4025 4024 4027
f 4024 4026 4028
f 4028 4029 3052
f 4019 4179 4029
f 4019 4039 4179
f 4039 3004 4179
f 4029 3050 3051
f 4029 4180 3050
f 4030 4025 3057
f 4031 4023 4025
f 4032 4031 4030
f 4033 4021 4023
f 4035 4033 4031
f 4036 3082 4035
f 3082 4034 4035
f 4036 4035 4032
f 3080 4036 3068
f 4038 4037 4034
f 4037 4039 4020
f 4040 1570 1564
f 3061 4041 1570
f 3054 4043 4042
f 3062 4042 1571
f 4042 4044 1573
f 4043 4045 4044
f 4045 4048 4046
f 4044 4046 1575
f 4046 4047 1580
f 4048 3047 4047
f 4050 1592 4048
f 3047 3046 4049
f 4047 4049 1582
f 1582 4049 3046
f 3055 4050 4045
f 3051 1592 4050
f 3049 3037 3048
f 3045 1596 1592
f 4051 1606 1605
f 4052 4116 4051
f 4051 4053 4052
f 2606 4051 1605
f 4054 2606 1595
f 3043 4054 3045
f 4058 4056 4057
f 4055 4056 4058
f 4059 4058 4064
f 4061 4058 4059
f 2606 2598 4053
f 4062 4059 4063
f 4062 4068 4067
f 4065 2617 4063
f 4065 4063 4064
f 4062 4063 2617
f 4059 4064 4063
f 2618 4065 4066
f 2618 4066 2637
f 4066 2762 2637
f 4066 2763 2762
f 4064 2763 4066
f 4057 2763 4058
f 2763 4064 4058
f 4064 4066 4065
f 2617 4065 2618
f 4067 2608 4062
f 2608 4059 4062
f 4068 4069 2611
f 2610 4067 4068
f 4060 2606 4054
f 4061 4060 3043
f 4107 4109 4071
f 4109 4097 4071
f 4097 4112 2765
f 4057 4056 4071
f 4056 4070 4071
f 4071 4108 4107
f 4097 2765 4057
f 4056 4073 4072
f 4072 4070 4056
f 4072 4074 4070
f 4074 4075 4070
f 4074 4072 4073
f 4073 4114 4076
f 4082 4077 4078
f 4077 4076 4078
f 4113 4078 4114
f 4114 4073 4056
f 4084 4079 4082
f 4082 4078 4113
f 4077 4082 4079
f 4084 4081 4089
f 4080 4079 4084
f 4080 4084 4089
f 3041 4083 4084
f 4084 4085 4088
f 4084 4083 4085
f 4083 4087 4085
f 4087 4086 4085
f 4085 4086 2945
f 3041 3036 3034
f 3034 4087 4083
f 4091 4092 4081
f 4092 4089 4081
f 4093 4091 2771
f 4091 4090 2771
f 4096 4095 4112
f 4095 2767 4112
f 4098 4096 4109
f 4101 4098 4109
f 4101 4102 4099
f 4102 4089 4100
f 4089 4092 4100
f 4107 4106 4101
f 4106 4104 4101
f 4104 4103 4101
f 4110 4111 4103
f 4111 4080 4103
f 4105 4104 4106
f 4108 4071 4075
f 4105 4106 4108
f 4052 4115 4116
f 2605 2603 4115
f 4115 4117 4119
f 2603 1609 4117
f 4117 4118 1607
f 4116 4119 1606
f 4119 1607 1606
f 3038 3039 4055
f 4055 3043 3038
f 3036 3042 3039
f 3041 3042 3036
f 3027 4120 3028
f 4120 4121 2956
f 4122 2958 4121
f 4166 4123 4122
f 2958 4122 4123
f 4121 2958 2956
f 4200 4121 4120
f 3191 2960 4124
f 2961 4124 4125
f 2962 4125 4126
f 4139 2963 4126
f 4137 4125 4124
f 4129 4124 2960
f 4128 4127 4129
f 4130 4129 4127
f 4132 4137 4129
f 4133 4132 4130
f 4131 4130 4128
f 4136 4134 4132
f 4135 4138 4137
f 4151 4135 4134
f 4149 2963 4144
f 4149 2964 2963
f 4140 2964 4149
f 4184 4141 4140
f 2976 4142 4143
f 4143 4140 4149
f 2982 2978 4145
f 2978 4149 4145
f 4145 4149 4144
f 2982 4145 4146
f 2984 4146 4147
f 2986 4147 4148
f 4147 4144 4139
f 4148 4139 4138
f 4150 4148 4135
f 2987 4150 4151
f 4152 4151 4136
f 2989 4152 4153
f 4154 4153 4155
f 4153 4136 4133
f 4155 4133 4131
f 4157 4155 4156
f 2994 4154 4157
f 2997 4157 4158
f 4158 4156 4163
f 4159 4158 4160
f 4161 4160 4162
f 4160 4163 4165
f 4163 4164 4129
f 4156 4131 4164
f 4162 4165 3017
f 4165 4129 3019
f 4164 4128 4129
f 4167 4162 4168
f 4169 4168 3012
f 4171 4169 4170
f 4174 4167 4169
f 4173 4171 4172
f 4175 4174 4171
f 4177 4176 4174
f 4176 4161 4167
f 2999 2996 4176
f 2996 4159 4161
f 4177 3004 4178
f 3000 3001 4178
f 4179 3004 4175
f 4172 4181 4179
f 3005 4179 4181
f 4181 4182 3010
f 3010 3006 4181
f 4182 4181 4172
f 2992 2989 4154
f 4183 4184 4142
f 4184 4183 4187
f 4185 4192 4141
f 4186 4191 4185
f 4185 4184 4186
f 4187 2970 4186
f 2971 2970 4187
f 4195 4194 4197
f 4194 4193 4188
f 4197 4194 4188
f 2970 4188 4193
f 4190 4189 2970
f 4192 4185 4191
f 4191 4189 4192
f 2970 4189 4191
f 4190 4193 2966
f 4192 2966 4141
f 4193 4194 2966
f 4196 2967 2965
f 4195 4196 2965
f 4196 4195 4197
f 4198 4197 4188
f 4199 4188 2970
f 2962 4126 3189
f 2957 4203 2951
f 2835 2834 3284
f 2837 2822 2836
f 2822 2823 2836
f 2827 2832 2823
f 2823 2832 2836
f 2716 2718 4204
f 4204 2724 2726
f 2718 2720 2724
f 2826 2809 2730
f 2826 2730 2729
f 2808 2729 2731
f 2731 2732 2762
f 2762 4205 2807
f 4206 4205 2762
f 2808 2826 2729
f 2686 4207 2689
f 2613 2596 2612
f 4208 2612 2596
f 4209 1610 2599
f 4211 2598 4213
f 4213 4212 4211
f 4211 4212 4218
f 4212 4214 4215
f 4214 4217 4216
f 4213 4208 2597
f 4217 2597 4218
f 4274 4209 4218
f 4274 1610 4209
f 4221 4274 4219
f 4221 4219 2597
f 4222 4221 4220
f 4220 4221 4272
f 4272 4223 4220
f 4231 4224 4222
f 4225 4222 4224
f 4224 4228 4226
f 4226 4227 1617
f 1676 1670 4227
f 4226 4228 4229
f 4229 4236 1676
f 4230 4228 4224
f 4233 4229 4228
f 4232 4230 4231
f 4234 4233 4230
f 4235 4236 4229
f 4237 4235 4233
f 1682 1679 4236
f 4239 1682 4235
f 4240 4239 4237
f 4238 4237 4234
f 4242 1683 4239
f 4244 4242 4240
f 4241 4240 4238
f 4243 1685 1683
f 4246 4243 4242
f 4245 4244 4241
f 4244 4245 4263
f 4263 4247 4246
f 4246 4247 4255
f 4255 4250 4248
f 4246 4248 4249
f 4248 4251 4253
f 4250 4252 4251
f 4251 4252 4254
f 4254 2418 2416
f 4251 2416 1697
f 4249 4253 1698
f 2421 4254 4252
f 4250 4255 4256
f 2421 4252 4256
f 4256 4255 4247
f 4247 4263 4257
f 4258 4256 4257
f 4259 2421 4256
f 2459 4259 4258
f 2462 4258 4260
f 4261 4260 2572
f 4260 4257 4262
f 2429 2422 4259
f 4257 4263 4245
f 4266 4264 4262
f 4257 4245 4262
f 4262 4264 4265
f 4265 4268 2571
f 4267 4265 4264
f 4264 4266 4241
f 2582 2580 4268
f 4268 4265 4267
f 4267 4238 4269
f 4249 1688 1685
f 4269 4234 4232
f 2583 4232 4270
f 2585 4270 4271
f 4270 4231 4223
f 4271 4223 4272
f 4221 2596 2593
f 1615 1610 4274
f 2546 2467 2560
f 2503 2536 2533
f 2496 4276 2536
f 2491 2489 2535
f 4277 4278 4279
f 4288 4286 4287
f 4287 4289 4288
f 4291 4292 4289
f 4292 4291 4293
f 4294 4293 4295
f 4298 4296 4295
f 4297 4298 4299
f 4301 4297 4299
f 4301 4299 4300
f 4302 4300 4303
f 4303 4304 4302
f 4286 4288 4304
f 1847 4306 2187
f 2196 2195 2200
f 2191 3261 2188
f 2188 2101 2185
f 2057 2060 2130
f 2053 4309 4310
f 4309 1924 1926
f 2051 4310 2042
f 4310 1926 4311
f 4311 1927 4312
f 2034 2038 1928
f 2038 4312 1928
f 4312 1927 1928
f 2030 2034 2022
f 1928 1929 4313
f 1772 1777 1792
f 1728 1731 1657
f 1662 1726 1728
f 1664 1724 1726
f 4314 1724 1664
f 4315 1716 1718
f 1668 4315 4314
f 1672 1713 1716
f 1674 1711 1713
f 1677 1693 1711
f 4317 4318 1566
f 4317 1577 1579
f 4324 4320 4333
f 4322 4321 4320
f 4324 4323 4320
f 4325 4323 4324
f 4332 4343 4333
f 4328 4343 4332
f 4328 4330 4329
f 4330 4328 4332
f 4331 4329 4330
f 4330 4332 4331
f 4335 4336 4338
f 4341 4340 4343
f 4344 4343 4339
f 4324 4345 4506
f 4333 4345 4324
f 4506 4347 4464
f 4350 4347 4463
f 4349 4348 4350
f 4348 4347 4350
f 4352 4350 4351
f 4350 4463 4351
f 4463 4354 4351
f 4430 4349 4353
f 4354 4353 4352
f 4355 4360 4356
f 4361 4497 4358
f 4360 4361 4358
f 4356 4358 4363
f 4359 4360 4355
f 4497 4361 4362
f 4358 4495 4363
f 4495 4494 4363
f 4363 4494 4357
f 4357 4494 4368
f 4494 4364 4368
f 4368 4364 4462
f 4367 4365 4366
f 4367 4461 4365
f 4366 4373 4367
f 4369 4462 4367
f 4460 4357 4368
f 4368 4462 4369
f 4459 4368 4369
f 4372 4371 4370
f 4371 4372 4456
f 4370 4373 4372
f 4373 4374 4372
f 4455 4412 4410
f 4454 4409 4376
f 4451 4376 4377
f 4407 4415 4378
f 4378 4379 4380
f 4379 4448 4380
f 4378 4381 4379
f 4381 4378 4415
f 4415 4383 4381
f 4382 4450 4381
f 4382 4381 4384
f 4384 4381 4383
f 4398 4444 4445
f 4401 4387 4386
f 4388 4387 4401
f 4401 4402 4389
f 4440 4390 4391
f 4391 4392 4440
f 4393 4394 4439
f 4394 4443 4436
f 4443 4394 4418
f 4396 4395 4399
f 4397 4416 4396
f 4416 4417 4396
f 4400 4396 4399
f 4398 4397 4400
f 4400 4399 4392
f 4392 4399 4393
f 4399 4395 4393
f 4398 4400 4391
f 4386 4398 4402
f 4444 4398 4386
f 4402 4391 4390
f 4403 4445 4385
f 4445 4416 4398
f 4403 4416 4445
f 4384 4404 4403
f 4383 4404 4384
f 4409 4414 4408
f 4408 4406 4407
f 4376 4408 4407
f 4376 4409 4408
f 4377 4407 4378
f 4410 4414 4409
f 4414 4410 4412
f 4484 4375 4485
f 4375 4484 4412
f 4485 4375 4411
f 4413 4366 4365
f 4374 4366 4413
f 4374 4413 4411
f 4406 4408 4414
f 4415 4405 4404
f 4383 4415 4404
f 4407 4405 4415
f 4417 4424 4395
f 4395 4424 4418
f 4436 4419 4441
f 4425 4441 4422
f 4425 4422 4421
f 4421 4420 4425
f 4438 4420 4428
f 4421 4428 4420
f 4428 4468 4429
f 4468 4426 4429
f 4421 4468 4428
f 4423 4422 4419
f 4443 4424 4423
f 4418 4424 4443
f 4429 4426 4431
f 4426 4432 4431
f 4427 4431 4434
f 4431 4430 4434
f 4431 4432 4430
f 4432 4348 4430
f 4430 4348 4349
f 4434 4430 4433
f 4435 4429 4427
f 4436 4441 4437
f 4437 4439 4436
f 4436 4439 4394
f 4392 4393 4440
f 4441 4425 4442
f 4442 4425 4420
f 4438 4442 4420
f 4443 4419 4436
f 4382 4387 4388
f 4387 4444 4386
f 4447 4445 4446
f 4382 4384 4447
f 4384 4385 4447
f 4382 4447 4446
f 4379 4381 4450
f 4448 4379 4450
f 4380 4448 4449
f 4450 4453 4449
f 4452 4451 4377
f 4452 4377 4453
f 4453 4380 4449
f 4452 4458 4451
f 4458 4454 4451
f 4456 4375 4412
f 4456 4411 4375
f 4372 4374 4411
f 4458 4455 4454
f 4457 4455 4458
f 4371 4456 4457
f 4454 4410 4409
f 4370 4367 4373
f 4460 4363 4357
f 4462 4461 4367
f 4364 4461 4462
f 4465 4346 4348
f 4466 4465 4426
f 4466 4426 4468
f 4467 4466 4468
f 4467 4422 4423
f 4470 4469 4471
f 4473 4470 4472
f 4473 4474 4403
f 4403 4404 4478
f 4404 4479 4478
f 4404 4480 4479
f 4484 4483 4481
f 4484 4485 4483
f 4486 4488 4487
f 4488 4489 4487
f 4494 4492 4489
f 4494 4493 4492
f 4321 4322 4496
f 4324 4506 4326
f 4507 4508 4571
f 4571 4573 4507
f 4507 4512 4508
f 4521 4511 4510
f 4507 4511 4512
f 4512 4587 4509
f 4579 4581 4580
f 4513 4577 4578
f 4518 4529 4516
f 4517 4529 4518
f 4517 4518 4519
f 4522 4528 4519
f 4523 4525 4528
f 4524 4523 4522
f 4525 4526 4528
f 4526 4527 4517
f 4527 4530 4529
f 4531 4516 4529
f 4532 4514 4516
f 4535 4536 4538
f 4542 4541 4575
f 4543 4541 4544
f 4547 4543 4544
f 4549 4548 4546
f 4549 4550 4551
f 4548 4549 4551
f 4554 4569 4553
f 4556 4557 4558
f 4557 4539 4537
f 4562 4561 4558
f 4563 4565 4558
f 4564 4555 4565
f 4574 4553 4569
f 4570 4569 4568
f 4570 4568 4567
f 4568 4566 4567
f 4566 4568 4554
f 4556 4558 4565
f 4545 4546 4548
f 4577 4576 4578
f 4513 4589 4579
f 4583 4584 4582
f 4585 4584 4586
f 4585 4586 4588
f 4589 4581 4579
f 4516 4514 4515
f 4585 4582 4584
f 4511 4507 4573
f 4511 4573 4510
f 4594 4593 4592
f 4596 4595 4593
f 4603 4601 4600
f 4603 4602 4601
f 4607 4606 4605
f 4606 4612 4605
f 4606 4607 4614
f 4612 4611 4613
f 4613 4605 4612
f 4613 4611 4609
f 4610 4609 4608
f 4608 4614 4610
f 4616 4615 4617
f 4616 4617 4619
f 4618 4619 4620
f 4618 4620 4622
f 4621 4622 4623
f 4624 4625 4626
f 4627 4626 4615
f 4594 4593 4628
f 4628 4595 4596
f 4596 4594 4628
f 4603 4601 4629
f 4629 4602 4603
f 4619 4640 4641
f 4620 4641 4642
f 4620 4642 4643
f 4622 4643 4639
f 4617 4644 4640
f 4626 4625 4645
f 4626 4645 4646
f 4615 4646 4644
f 4625 4647 4645
f 4625 4648 4647
f 4623 4649 4648
f 4622 4639 4649
f 4650 4652 4663
f 4653 4652 4654
f 4653 4654 4656
f 4655 4656 4658
f 4657 4658 4660
f 4659 4657 4660
f 4659 4660 4661
f 4662 4661 4664
